entropy,numDigits,urlLength,numParams,hasHttp,hasHttps,urlIsLive,bodyLength,numTitles,numImages,numLinks,scriptLength,specialChars,ext,dsr,dse,sscr,sbr,bscr,num_%20,num_@,has_ip,Class
-4.282413467,6,91,0,TRUE,FALSE,FALSE,0,0,0,0,0,0,com,0,0,0,0,0,0,0,0,normal_url
-4.617990875,10,70,0,TRUE,FALSE,FALSE,0,0,0,0,0,0,article>august,0,0,0,0,0,0,0,0,normal_url
-4.329320154,6,110,0,TRUE,FALSE,FALSE,0,0,0,0,0,0,com,0,0,0,0,0,0,0,0,normal_url
-4.706446892,6,78,0,TRUE,FALSE,FALSE,246796,104,90,297,30059,56118,htmlyour,0,0,0.535639189,0.12179695,0.227386181,0,0,0,normal_url
-4.461085854,0,61,0,TRUE,FALSE,FALSE,246739,104,90,297,30002,56118,com,0,0,0.534623472,0.121594073,0.227438711,0,0,0,normal_url
-4.474342813,8,117,0,TRUE,FALSE,FALSE,86491,1,2,35,24519,16872,com,0,0,1.453236131,0.283486143,0.19507232,0,0,0,normal_url
-4.648876007,20,93,7,TRUE,FALSE,FALSE,0,0,0,0,0,0,"3&cj1""styleedisplay:none""",0,0,0,0,0,0,0,0,normal_url
-4.745269895,12,111,0,TRUE,FALSE,FALSE,71896,0,10,133,67523,20418,html?breadcrumb°,0,0,3.30703301,0.939176032,0.283993546,0,0,0,normal_url
-4.346318069,0,96,0,TRUE,FALSE,FALSE,4921,10,0,110,2245,1012,net,0,0,2.218379447,0.456208088,0.205649258,0,0,0,normal_url
-4.421441945,14,70,0,TRUE,FALSE,FALSE,39872,4,11,92,29649,11621,htmlcopyright,0,0,2.55132949,0.743604535,0.291457665,0,0,0,normal_url
-3.708132065,1,23,0,TRUE,FALSE,FALSE,24752,5,2,22,14649,7207,me,0,0,2.032607187,0.591830963,0.29116839,0,0,0,normal_url
-4.689390221,9,67,0,TRUE,FALSE,FALSE,8825,32,42,209,3627,1898,pdfthis,0,0,1.910958904,0.410991501,0.215070822,0,0,0,normal_url
-4.483875049,4,57,0,TRUE,FALSE,FALSE,164,1,0,0,0,28,asp?id2034preliminary,0,0,0,0,0.170731707,0,0,0,normal_url
-4.9871594,60,193,3,TRUE,FALSE,FALSE,145,2,0,0,0,64,aspx?objectnews&ide3dffc8f-9d5a-4a54-bbcd-74ce90361c62&layoutidb05ef124-0db1-4d33-bob6-90f50139044b&categoryld832a711b-95fe-4505-8aa3-38f5e17309c9province,0,0,0,0,0.44137931,0,0,0,normal_url
-4.249331363,5,67,0,TRUE,FALSE,FALSE,0,0,0,0,0,0,bctprovince,0,0,0,0,0,0,0,0,normal_url
-4.459797934,7,82,0,TRUE,FALSE,FALSE,0,0,0,0,0,0,htmurban,0,0,0,0,0,0,0,0,normal_url
-4.510383097,8,60,0,TRUE,FALSE,FALSE,20729,6,3,72,10255,6031,com,0,0,1.700381363,0.494717545,0.290945053,0,0,0,normal_url
-3.322179346,0,22,0,TRUE,FALSE,FALSE,0,0,0,0,0,0,independent,0,0,0,0,0,0,0,0,normal_url
-4.352462118,4,59,1,TRUE,FALSE,FALSE,0,0,0,0,0,0,com,0,0,0,0,0,0,0,0,normal_url
-4.53104268,6,64,0,TRUE,FALSE,FALSE,8731,10,5,28,6017,2377,ht,0,0,2.531342028,0.689153591,0.272248311,0,0,0,normal_url
-4.337823049,0,84,0,TRUE,FALSE,FALSE,4910,1,2,19,4559,1456,com,0,0,3.131181319,0.928513238,0.296537678,0,0,0,normal_url
-4.27792609,3,41,0,TRUE,FALSE,FALSE,7567,17,18,85,4209,1909,com,0,0,2.204819277,0.556231003,0.252279635,0,0,0,normal_url
-4.188854659,3,61,0,TRUE,FALSE,FALSE,36853,1,2,88,33690,11589,jsp?pid154,0,0,2.907067046,0.914172523,0.314465579,0,0,0,normal_url
-4.150222422,2,60,0,TRUE,FALSE,FALSE,36852,1,2,88,33690,11589,jsp?sid90,0,0,2.907067046,0.91419733,0.314474113,0,0,0,normal_url
-4.099128821,0,39,0,TRUE,FALSE,FALSE,0,0,0,0,0,0,org,0,0,0,0,0,0,0,0,normal_url
-4.684346543,18,104,0,TRUE,FALSE,FALSE,100827,0,41,109,74696,26810,com,0,0,2.78612458,0.740833309,0.265900999,0,0,0,normal_url
-4.515381944,11,119,0,TRUE,FALSE,FALSE,135803,4,6,101,17283,39110,com,0,0,0.441907441,0.12726523,0.287990692,0,0,0,normal_url
-4.553535579,11,117,0,TRUE,FALSE,FALSE,135803,4,6,101,17283,39110,com,0,0,0.441907441,0.12726523,0.287990692,0,0,0,normal_url
-4.309513303,17,67,7,TRUE,FALSE,FALSE,0,0,0,0,0,0,com,0,0,0,0,0,0,0,0,normal_url
-4.847548242,27,90,1,TRUE,FALSE,FALSE,56158,2,0,23,43889,14765,w5?a686322&f19,0,0,2.97250254,0.78152712,0.262918907,0,0,0,normal_url
-4.502122853,8,115,0,TRUE,FALSE,FALSE,18259,11,6,92,6867,4868,pdf,0,0,1.41064092,0.376088504,0.266608248,0,0,0,normal_url
-2.663532755,0,11,0,TRUE,FALSE,FALSE,0,0,0,0,0,0,,0,0,0,0,0,0,0,0,normal_url
-4.383548663,10,71,0,TRUE,FALSE,FALSE,247929,2,2,33,206036,54104,html?hpdecember,0,0,3.808147272,0.831028238,0.218223766,0,0,0,normal_url
-4.402515021,8,56,0,TRUE,FALSE,FALSE,36947,33,18,141,17889,9683,com,0,0,1.847464629,0.484180042,0.262078112,0,0,0,normal_url
-4.365326269,0,69,0,TRUE,FALSE,FALSE,246766,104,90,297,30029,56120,com,0,0,0.535085531,0.121690184,0.22742193,0,0,0,normal_url
-4.366830129,9,60,0,TRUE,FALSE,FALSE,4748,13,0,86,2888,1132,htmlour,0,0,2.551236749,0.608256108,0.238416175,0,0,0,normal_url
-4.515546298,8,114,0,TRUE,FALSE,FALSE,0,0,0,0,0,0,html?story,0,0,0,0,0,0,0,0,normal_url
-4.541014084,17,68,0,TRUE,FALSE,FALSE,0,0,0,0,0,0,html•,0,0,0,0,0,0,0,0,normal_url
-3.928802609,0,37,0,TRUE,FALSE,FALSE,0,0,0,0,0,0,http:,0,0,0,0,0,0,0,0,normal_url
-3.93287436,0,35,0,TRUE,FALSE,FALSE,0,0,0,0,0,0,http:,0,0,0,0,0,0,0,0,normal_url
-4.511935364,12,54,0,TRUE,FALSE,FALSE,0,0,0,0,0,0,,0,0,0,0,0,0,0,0,normal_url
-4.681147632,12,100,0,TRUE,FALSE,FALSE,0,0,0,0,0,0,,0,0,0,0,0,0,0,0,normal_url
-4.517434178,6,147,0,TRUE,FALSE,FALSE,550,2,0,0,0,98,,0,0,0,0,0.178181818,0,0,0,normal_url
-4.480222045,6,92,0,TRUE,FALSE,FALSE,0,0,0,0,0,0,orecollections,0,0,0,0,0,0,0,0,normal_url
-4.272737538,4,51,0,TRUE,FALSE,FALSE,0,0,0,0,0,0,corn,0,0,0,0,0,0,0,0,normal_url
-4.654750525,9,75,3,TRUE,FALSE,FALSE,15699,3,16,475,1073,2765,xml?releaseld1347&what&strarea;&strtime0hnt,0,0,0.388065099,0.068348302,0.176125868,0,0,0,normal_url
-4.114066203,0,37,0,TRUE,FALSE,FALSE,15699,3,16,475,1073,2765,xml,0,0,0.388065099,0.068348302,0.176125868,0,0,0,normal_url
-4.307210279,2,62,0,TRUE,FALSE,FALSE,0,0,0,0,0,0,corniarticie,0,0,0,0,0,0,0,0,normal_url
-4.600938349,6,81,0,TRUE,FALSE,FALSE,0,0,0,0,0,0,uk,0,0,0,0,0,0,0,0,normal_url
-4.385202652,5,46,0,TRUE,FALSE,FALSE,12292,24,25,172,7059,2901,com,0,0,2.433298862,0.574275952,0.236007159,0,0,0,normal_url
-1.921928095,0,5,0,TRUE,FALSE,FALSE,0,0,0,0,0,0,http:,0,0,0,0,0,0,0,0,normal_url
-4.474805544,8,107,0,TRUE,FALSE,FALSE,20771,6,3,72,10297,6036,com,0,0,1.70593108,0.495739252,0.290597468,0,0,0,normal_url
-4.38040121,6,63,0,TRUE,FALSE,FALSE,20830,9,1,299,7666,6287,html>even,0,0,1.219341498,0.368026884,0.301824292,0,0,0,normal_url
-4.814931168,25,105,0,TRUE,FALSE,FALSE,27429,12,1,366,8213,7643,html#comment-1156672372250588546>,0,0,1.074578045,0.299427613,0.278646688,0,0,0,normal_url
-4.909159859,22,82,4,TRUE,FALSE,FALSE,0,0,0,0,0,0,cfm?newsid20368289&brd2731&pag461&dept_id574908&rfi6>,0,0,0,0,0,0,0,0,normal_url
-4.530998354,17,61,0,TRUE,FALSE,FALSE,160889,3,4,220,156101,45843,com,0,0,3.405121829,0.970240352,0.284935577,0,0,0,normal_url
-4.50819393,4,45,0,TRUE,FALSE,FALSE,1256,0,0,1,0,270,com,0,0,0,0,0.214968153,0,0,0,normal_url
-3.992708771,0,37,0,TRUE,FALSE,FALSE,0,0,0,0,0,0,comk,0,0,0,0,0,0,0,0,normal_url
-4.614086019,16,67,0,TRUE,FALSE,FALSE,3051,0,3,9,2160,955,com,0,0,2.261780105,0.707964602,0.313012127,0,0,0,normal_url
-4.358659712,6,60,0,TRUE,FALSE,FALSE,20818,9,1,299,7654,6286,html>,0,0,1.217626472,0.3676626,0.301950235,0,0,0,normal_url
-4.657821405,8,77,0,TRUE,FALSE,FALSE,31847,32,11,106,20867,8801,html>adds,0,0,2.37098057,0.655226552,0.276352561,0,0,0,normal_url
-4.640100175,16,137,0,TRUE,FALSE,FALSE,0,0,0,0,0,0,html>,0,0,0,0,0,0,0,0,normal_url
-4.471304857,6,75,1,TRUE,FALSE,FALSE,14645,46,41,152,8013,3739,asp?storyld838256&categorystate>,0,0,2.143086387,0.547149198,0.255308979,0,0,0,normal_url
-4.595175521,10,48,0,TRUE,FALSE,FALSE,0,0,0,0,0,0,html>,0,0,0,0,0,0,0,0,normal_url
-4.34025696,6,68,0,TRUE,FALSE,FALSE,20850,9,1,299,7686,6294,html>,0,0,1.221163012,0.368633094,0.301870504,0,0,0,normal_url
-4.697134943,3,98,0,TRUE,FALSE,FALSE,33751,7,10,67,31871,10168,com,0,0,3.134441385,0.944297947,0.301265148,0,0,0,normal_url
-4.358915836,5,76,0,TRUE,FALSE,FALSE,23484,7,1,13,11889,5533,com,0,0,2.1487439,0.506259581,0.235607222,0,0,0,normal_url
-4.655308444,18,75,0,TRUE,FALSE,FALSE,7918,4,0,4,1106,1230,htm>,0,0,0.899186992,0.139681738,0.155342258,0,0,0,normal_url
-4.608793931,18,56,0,TRUE,FALSE,FALSE,571073,18,6,473,426327,164912,html>,0,0,2.585178762,0.746536783,0.288775691,0,0,0,normal_url
-4.253863368,0,38,0,TRUE,FALSE,FALSE,0,0,0,0,0,0,comhthis,0,0,0,0,0,0,0,0,normal_url
-4.512540947,6,94,0,TRUE,FALSE,FALSE,24199,1,9,114,12148,6405,com,0,0,1.896643247,0.502004215,0.264680359,0,0,0,normal_url
-4.114066203,0,37,0,TRUE,FALSE,FALSE,15699,3,16,475,1073,2765,xml,0,0,0.388065099,0.068348302,0.176125868,0,0,0,normal_url
-4.517134906,8,138,0,TRUE,FALSE,FALSE,0,0,0,0,0,0,aspxposted,0,0,0,0,0,0,0,0,normal_url
-4.252421152,6,45,0,TRUE,FALSE,FALSE,0,0,0,0,0,0,orgistory,0,0,0,0,0,0,0,0,normal_url
-4.138830127,6,36,0,TRUE,FALSE,FALSE,0,0,0,0,0,0,alternetorgistory,0,0,0,0,0,0,0,0,normal_url
-4.175123135,0,34,0,TRUE,FALSE,FALSE,0,0,0,0,0,0,com,0,0,0,0,0,0,0,0,normal_url
-4.174007338,5,79,0,TRUE,FALSE,FALSE,47461,12,15,74,5696,10606,org,0,0,0.537054497,0.120014328,0.223467689,0,0,0,normal_url
-4.58575813,16,161,1,TRUE,FALSE,FALSE,24466,5,2,45,4143,6133,html?_r1&pagewantedprintoctober,0,0,0.675525844,0.169337039,0.250674405,0,0,0,normal_url
-3.615817595,0,27,0,TRUE,FALSE,FALSE,0,0,0,0,0,0,,0,0,0,0,0,0,0,0,normal_url
-4.646836075,11,66,1,TRUE,FALSE,FALSE,0,0,0,0,0,0,html#ixzz0hqhr4kmx&a,0,0,0,0,0,0,0,0,normal_url
-4.537475475,6,53,0,TRUE,FALSE,FALSE,0,0,0,0,0,0,htmi,0,0,0,0,0,0,0,0,normal_url
-4.454504784,6,78,0,TRUE,FALSE,FALSE,24199,1,9,114,12148,6405,com,0,0,1.896643247,0.502004215,0.264680359,0,0,0,normal_url
-4.114066203,0,37,0,TRUE,FALSE,FALSE,15699,3,16,475,1073,2765,xml,0,0,0.388065099,0.068348302,0.176125868,0,0,0,normal_url
-4.066323289,10,58,0,TRUE,FALSE,FALSE,1233,0,9,4,132,329,html,0,0,0.401215805,0.107055961,0.266828873,0,0,0,normal_url
-4.594173435,15,101,0,TRUE,FALSE,FALSE,20430,1,0,13,14352,4928,shtml?tagstackjanuary,0,0,2.912337662,0.702496329,0.241213901,0,0,0,normal_url
-4.413863157,16,61,0,TRUE,FALSE,FALSE,0,0,0,0,0,0,90,0,0,0,0,0,0,0,0,normal_url
-4.494890413,16,83,3,TRUE,FALSE,FALSE,0,0,0,0,0,0,90,0,0,0,0,0,0,0,0,normal_url
-4.429529778,16,62,0,TRUE,FALSE,FALSE,0,0,0,0,0,0,90,0,0,0,0,0,0,0,0,normal_url
-4.373131513,16,65,0,TRUE,FALSE,FALSE,0,0,0,0,0,0,90,0,0,0,0,0,0,0,0,normal_url
-4.475229281,8,63,0,TRUE,FALSE,FALSE,0,0,0,0,0,0,htmlday,0,0,0,0,0,0,0,0,normal_url
-4.505431231,8,116,0,TRUE,FALSE,FALSE,119404,7,10,153,38557,28934,com,0,0,1.332584503,0.32291213,0.24232019,0,0,0,normal_url
-4.51997668,3,52,0,TRUE,FALSE,FALSE,603772,0,0,14,599393,113372,thank-you,0,0,5.286957979,0.992747262,0.187772868,0,0,0,normal_url
-4.68637277,9,102,0,TRUE,FALSE,FALSE,119412,7,10,153,38565,28934,com,0,0,1.332860994,0.322957492,0.242303956,0,0,0,normal_url
-4.614245026,8,84,0,TRUE,FALSE,FALSE,119412,7,10,153,38565,28934,com,0,0,1.332860994,0.322957492,0.242303956,0,0,0,normal_url
-4.565078451,7,87,0,TRUE,FALSE,FALSE,0,0,0,0,0,0,aspxseptember,0,0,0,0,0,0,0,0,normal_url
-4.583173135,16,131,0,TRUE,FALSE,FALSE,157002,1,5,45,136644,40423,com,0,0,3.380352769,0.870332862,0.257468058,0,0,0,normal_url
-4.31234555,16,57,0,TRUE,FALSE,FALSE,157002,1,5,45,136644,40423,com,0,0,3.380352769,0.870332862,0.257468058,0,0,0,normal_url
-3.606936732,0,22,0,TRUE,FALSE,FALSE,0,0,0,0,0,0,com)the,0,0,0,0,0,0,0,0,normal_url
-4.441988837,5,101,0,TRUE,FALSE,FALSE,75872,5,0,149,48109,16422,com,0,0,2.929545731,0.634081084,0.216443484,0,0,0,normal_url
-4.655994779,10,94,0,TRUE,FALSE,FALSE,0,0,0,0,0,0,php#morexr07:hi!!ary,0,0,0,0,0,0,0,0,normal_url
-4.244375809,14,54,0,TRUE,FALSE,FALSE,175178,21,1,120,172519,49595,com,0,0,3.478556306,0.984821153,0.283112035,0,0,0,normal_url
-4.563063298,8,145,0,TRUE,FALSE,FALSE,119412,7,10,153,38565,28934,com,0,0,1.332860994,0.322957492,0.242303956,0,0,0,normal_url
-4.50915894,7,59,0,TRUE,FALSE,FALSE,949,1,2,7,707,224,com,0,0,3.15625,0.744994731,0.236037935,0,0,0,normal_url
-3.902174814,0,26,0,TRUE,FALSE,FALSE,0,0,0,0,0,0,comurl,0,0,0,0,0,0,0,0,normal_url
-4.666266935,7,58,0,TRUE,FALSE,FALSE,0,0,0,0,0,0,com,0,0,0,0,0,0,0,0,normal_url
-4.385277459,11,68,0,TRUE,FALSE,FALSE,254,1,1,1,0,56,html[2],0,0,0,0,0.220472441,0,0,0,normal_url
-4.504393128,8,68,0,TRUE,FALSE,FALSE,353,0,0,0,288,83,302053[3],0,0,3.469879518,0.815864023,0.235127479,0,0,0,normal_url
-4.475260635,11,59,1,TRUE,FALSE,FALSE,0,0,0,0,0,0,il,0,0,0,0,0,0,0,0,normal_url
-4.581105483,6,101,0,TRUE,FALSE,FALSE,4919,0,1,2,174,1307,uk,0,0,0.133129304,0.035373043,0.265704411,0,0,0,normal_url
-4.603193029,8,86,0,TRUE,FALSE,FALSE,86557,1,2,35,24585,16878,com,0,0,1.456629932,0.284032487,0.194992895,0,0,0,normal_url
-4.749197813,18,120,0,TRUE,FALSE,FALSE,26624,2,7,179,20438,7237,com,0,0,2.824098383,0.767653245,0.271822416,0,0,0,normal_url
-4.423236858,8,116,0,TRUE,FALSE,FALSE,0,0,0,0,0,0,,0,0,0,0,0,0,0,0,normal_url
-4.306732207,6,46,0,TRUE,FALSE,FALSE,51839,11,8,127,7265,10944,com,0,0,0.663834064,0.14014545,0.211115184,0,0,0,normal_url
-4.231058232,6,39,0,TRUE,FALSE,FALSE,51839,11,8,127,7265,10944,com,0,0,0.663834064,0.14014545,0.211115184,0,0,0,normal_url
-4.155639062,3,32,0,TRUE,FALSE,FALSE,0,0,0,0,0,0,com,0,0,0,0,0,0,0,0,normal_url
-4.42717074,2,78,0,TRUE,FALSE,FALSE,1738,0,0,1,1726,442,uk,0,0,3.904977376,0.993095512,0.254315305,1,0,0,normal_url
-4.556247679,8,79,0,TRUE,FALSE,FALSE,119412,7,10,153,38565,28934,com,0,0,1.332860994,0.322957492,0.242303956,0,0,0,normal_url
-4.93749369,35,124,0,TRUE,FALSE,FALSE,0,0,0,0,0,0,,0,0,0,0,0,0,0,0,normal_url
-4.789012399,18,99,4,TRUE,FALSE,FALSE,0,0,0,0,0,0,ng,0,0,0,0,0,0,0,0,normal_url
-3.614369446,0,18,0,TRUE,FALSE,FALSE,0,0,0,0,0,0,dou,0,0,0,0,0,0,0,0,normal_url
-4.922862589,37,104,0,TRUE,FALSE,FALSE,0,0,0,0,0,0,6.66409E+11,0,0,0,0,0,0,0,0,normal_url
-4.897370417,37,127,0,TRUE,FALSE,FALSE,0,0,0,0,0,0,,0,0,0,0,0,0,0,0,normal_url
-5.102313585,60,251,6,TRUE,FALSE,FALSE,0,0,0,0,0,0,"4;abrlie4;abrlie5;sz120x600;ordzobmbzbfzndnngnupsw?""&gt;",0,0,0,0,0,0,0,0,normal_url
-4.96018628,39,121,0,TRUE,FALSE,FALSE,0,0,0,0,0,0,"4;abrlie4;abrlie5;sz120x600;ordzobmbzbfzndnngnupsw""",0,0,0,0,0,0,0,0,normal_url
-4.429980736,8,117,1,TRUE,FALSE,FALSE,33,1,0,0,0,4,1,0,0,0,0,0.121212121,0,0,0,normal_url
-4.457715342,8,119,0,TRUE,FALSE,FALSE,20784,6,3,72,10310,6039,com,0,0,1.707236297,0.496054657,0.290560046,0,0,0,normal_url
-4.387350459,4,78,0,TRUE,FALSE,FALSE,38127,12,13,71,3808,8067,org,0,0,0.47204661,0.099876728,0.211582343,0,0,0,normal_url
-4.426962453,6,114,0,TRUE,FALSE,FALSE,0,0,0,0,0,0,com,0,0,0,0,0,0,0,0,normal_url
-5.112848698,57,260,7,TRUE,FALSE,FALSE,0,0,0,0,0,0,"ngitypeclick&amp;flight1d143552&amp;adld165203&amp;targetld42700&amp;values3263&amp;redirect;ordbnzdlpybfzocfybnvaqg?""&gtalt;",0,0,0,0,0,0,0,0,normal_url
-4.379417497,0,49,1,TRUE,FALSE,FALSE,0,0,0,0,0,0,ng,0,0,0,0,0,0,0,0,normal_url
-4.060262039,0,27,0,TRUE,FALSE,FALSE,0,0,0,0,0,0,,0,0,0,0,0,0,0,0,normal_url
-5.037264562,37,119,0,TRUE,FALSE,FALSE,0,0,0,0,0,0,6.66409E+11,0,0,0,0,0,0,0,0,normal_url
-4.749142747,6,95,0,TRUE,FALSE,FALSE,196626,69,92,206,44349,44970,html?viewprintmarch,0,0,0.986190794,0.225550029,0.228708309,0,0,0,normal_url
-4.233574049,12,53,0,TRUE,FALSE,FALSE,31198,3,0,170,7409,7800,htm,0,0,0.949871795,0.237483172,0.250016027,0,0,0,normal_url
-4.309176951,6,69,0,TRUE,FALSE,FALSE,0,0,0,0,0,0,com,0,0,0,0,0,0,0,0,normal_url
-4.531760898,8,126,0,TRUE,FALSE,FALSE,0,0,0,0,0,0,htmlamericans,0,0,0,0,0,0,0,0,normal_url
-3.74832866,2,26,0,TRUE,FALSE,FALSE,2857,1,2,4,529,898,ly,0,0,0.58908686,0.185159258,0.314315716,0,0,0,normal_url
-3.787143961,1,19,0,TRUE,FALSE,FALSE,0,0,0,0,0,0,ms,0,0,0,0,0,0,0,0,normal_url
-4.208410187,2,27,0,TRUE,FALSE,FALSE,0,0,0,0,0,0,ms,0,0,0,0,0,0,0,0,normal_url
-3.594465637,0,21,0,TRUE,FALSE,FALSE,0,0,0,0,0,0,gov),0,0,0,0,0,0,0,0,normal_url
-3.84385619,0,25,0,TRUE,FALSE,FALSE,0,0,0,0,0,0,govand,0,0,0,0,0,0,0,0,normal_url
-3.70804815,0,27,0,TRUE,FALSE,FALSE,85716,1,1,6,81733,21903,com,0,0,3.73158928,0.953532596,0.255529889,0,0,0,normal_url
-4.242313637,1,51,0,TRUE,FALSE,FALSE,31198,3,0,170,7409,7800,gov,0,0,0.949871795,0.237483172,0.250016027,0,0,0,normal_url
-4.171474188,0,41,0,TRUE,FALSE,FALSE,67,0,0,0,0,17,-,0,0,0,0,0.253731343,0,0,0,normal_url
-4.226566669,6,54,0,TRUE,FALSE,FALSE,35682,3,0,170,11912,9007,htm),0,0,1.322526924,0.333837789,0.252424191,0,0,0,normal_url
-4.351358961,6,58,0,TRUE,FALSE,FALSE,35682,3,0,170,11912,9007,"htm)""new",0,0,1.322526924,0.333837789,0.252424191,0,0,0,normal_url
-4.171465262,0,31,0,TRUE,FALSE,FALSE,0,0,0,0,0,0,like,0,0,0,0,0,0,0,0,normal_url
-4.354248671,4,60,0,TRUE,FALSE,FALSE,0,0,0,0,0,0,comi2o12,0,0,0,0,0,0,0,0,normal_url
-4.41671684,8,109,0,TRUE,FALSE,FALSE,119412,7,10,153,38565,28934,com,0,0,1.332860994,0.322957492,0.242303956,0,0,0,normal_url
-4.130621191,6,70,0,TRUE,FALSE,FALSE,17829,3,4,124,16112,5488,com,0,0,2.935860058,0.903696225,0.307813113,0,0,0,normal_url
-4.440060184,7,133,0,TRUE,FALSE,FALSE,0,0,0,0,0,0,com,0,0,0,0,0,0,0,0,normal_url
-4.367326964,7,93,0,TRUE,FALSE,FALSE,644974,353,320,889,41926,145409,ecefrom,0,0,0.288331534,0.065004171,0.225449398,0,0,0,normal_url
-4.534862581,6,90,0,TRUE,FALSE,FALSE,4919,0,1,2,174,1307,uk,0,0,0.133129304,0.035373043,0.265704411,0,0,0,normal_url
-3.930270372,0,27,0,TRUE,FALSE,FALSE,6923,10,0,20,5211,1902,com,0,0,2.739747634,0.752708363,0.274736386,0,0,0,normal_url
-4.180154864,14,54,0,TRUE,FALSE,FALSE,175178,21,1,120,172519,49595,com,0,0,3.478556306,0.984821153,0.283112035,0,0,0,normal_url
-4.468387631,8,83,0,TRUE,FALSE,FALSE,0,0,0,0,0,0,htmleurope's,0,0,0,0,0,0,0,0,normal_url
-4.485793217,9,100,0,TRUE,FALSE,FALSE,0,0,0,0,0,0,htmlb6eitwhat,0,0,0,0,0,0,0,0,normal_url
-4.485787734,13,66,0,TRUE,FALSE,FALSE,14782,0,9,236,8313,3834,article,0,0,2.168231612,0.562373157,0.259369503,0,0,0,normal_url
-4.781705696,55,176,0,TRUE,FALSE,FALSE,19,0,0,0,0,3,shtmljackiepress,0,0,0,0,0.157894737,0,0,0,normal_url
-4.617822806,6,91,0,TRUE,FALSE,FALSE,246839,104,90,297,30102,56127,htmloupaul,0,0,0.536319418,0.121949935,0.227383031,0,0,0,normal_url
-4.737663586,6,93,0,TRUE,FALSE,FALSE,0,0,0,0,0,0,htmlposted:,0,0,0,0,0,0,0,0,normal_url
-4.271361916,0,82,0,TRUE,FALSE,FALSE,0,0,0,0,0,0,othe,0,0,0,0,0,0,0,0,normal_url
-4.064323519,0,45,0,TRUE,FALSE,FALSE,3916,5,5,97,1641,929,htmarticle,0,0,1.766415501,0.419050051,0.237231869,0,0,0,normal_url
-4.628107004,14,91,1,TRUE,FALSE,FALSE,245930,2,1,33,205833,53631,html?21&emceta18pagewantedprintjuly,0,0,3.837948202,0.836957671,0.218074249,0,0,0,normal_url
-4.609637819,8,69,0,TRUE,FALSE,FALSE,188680,5,1,16,2121,40544,pdffor,0,0,0.052313536,0.011241255,0.21488234,0,0,0,normal_url
-4.850750686,40,126,0,TRUE,FALSE,FALSE,20689,18,2,286,12296,4248,htmlfinancial,0,0,2.894538606,0.594325487,0.205326502,0,0,0,normal_url
-4.060262039,0,27,0,TRUE,FALSE,FALSE,0,0,0,0,0,0,,0,0,0,0,0,0,0,0,normal_url
-4.38635575,3,87,0,TRUE,FALSE,FALSE,0,0,0,0,0,0,,0,0,0,0,0,0,0,0,normal_url
-4.060262039,0,27,0,TRUE,FALSE,FALSE,0,0,0,0,0,0,,0,0,0,0,0,0,0,0,normal_url
-4.135234743,2,44,0,TRUE,FALSE,FALSE,0,0,0,0,0,0,com,0,0,0,0,0,0,0,0,normal_url
-4.060262039,0,27,0,TRUE,FALSE,FALSE,0,0,0,0,0,0,,0,0,0,0,0,0,0,0,normal_url
-4.060262039,0,27,0,TRUE,FALSE,FALSE,0,0,0,0,0,0,,0,0,0,0,0,0,0,0,normal_url
-4.668790751,11,107,0,TRUE,FALSE,FALSE,0,0,0,0,0,0,png);,0,0,0,0,0,0,0,0,normal_url
-4.673372293,11,107,0,TRUE,FALSE,FALSE,0,0,0,0,0,0,png);,0,0,0,0,0,0,0,0,normal_url
-4.060262039,0,27,0,TRUE,FALSE,FALSE,0,0,0,0,0,0,,0,0,0,0,0,0,0,0,normal_url
-4.307159267,12,47,0,TRUE,FALSE,FALSE,0,0,0,0,0,0,nowyorkenconlirep2rtin08130,0,0,0,0,0,0,0,0,normal_url
-4.561114995,14,113,0,TRUE,FALSE,FALSE,0,0,0,0,0,0,html,0,0,0,0,0,0,0,0,normal_url
-4.178833068,3,55,0,TRUE,FALSE,FALSE,170,1,0,0,0,32,php?id155photo,0,0,0,0,0.188235294,0,0,0,normal_url
-4.716672782,19,95,0,TRUE,FALSE,FALSE,0,0,0,0,0,0,jpgclassificat1on:unclassified,0,0,0,0,0,0,0,0,normal_url
-4.475266274,11,102,0,TRUE,FALSE,FALSE,12797,6,2,41,9869,3430,com,0,0,2.877259475,0.771196374,0.26803157,0,0,0,normal_url
-4.664735179,25,60,0,TRUE,FALSE,FALSE,4987,3,2,50,3734,1310,htmlclegg:,0,0,2.850381679,0.748746742,0.262682976,0,0,0,normal_url
-4.754515262,9,129,0,TRUE,FALSE,FALSE,0,0,0,0,0,0,html#ixzz0zf4asfqi,0,0,0,0,0,0,0,0,normal_url
-4.536682552,8,95,0,TRUE,FALSE,FALSE,86584,1,2,35,24612,16884,com,0,0,1.457711443,0.284255752,0.195001386,0,0,0,normal_url
-3.844106545,0,26,0,TRUE,FALSE,FALSE,0,0,0,0,0,0,ore,0,0,0,0,0,0,0,0,normal_url
-4.499766218,8,73,0,TRUE,FALSE,FALSE,119404,7,10,153,38557,28934,com,0,0,1.332584503,0.32291213,0.24232019,0,0,0,normal_url
-3.920958593,0,32,0,TRUE,FALSE,FALSE,864,0,0,0,849,285,com,0,0,2.978947368,0.982638889,0.329861111,0,0,0,normal_url
-4.428536536,7,52,0,TRUE,FALSE,FALSE,0,0,0,0,0,0,i,0,0,0,0,0,0,0,0,phishing_url1
-3.890319531,0,32,0,TRUE,FALSE,FALSE,0,0,0,0,0,0,com,0,0,0,0,0,0,0,0,phishing_url1
-3.844106545,0,26,0,TRUE,FALSE,FALSE,598,2,2,0,471,172,br,0,0,2.738372093,0.787625418,0.287625418,0,0,0,phishing_url1
-3.787143961,0,19,0,TRUE,FALSE,FALSE,44549,92,19,90,16914,11448,com,0,0,1.477463312,0.379671822,0.256975465,0,0,0,phishing_url1
-3.886842188,0,24,0,TRUE,FALSE,FALSE,0,0,0,0,0,0,"com),",0,0,0,0,0,0,0,0,phishing_url1
-4.489912495,10,61,0,TRUE,FALSE,FALSE,0,0,0,0,0,0,com,0,0,0,0,0,0,0,0,phishing_url1
-4.025563104,0,52,0,TRUE,FALSE,FALSE,26652,16,16,99,18187,7643,php,0,0,2.379562999,0.682387813,0.286770224,0,0,0,phishing_url1
-3.930270372,0,27,0,TRUE,FALSE,FALSE,0,0,0,0,0,0,fr,0,0,0,0,0,0,0,0,phishing_url1
-4.605679999,6,115,1,TRUE,FALSE,FALSE,2239,2,1,0,1479,607,html?locale3den-us&ocid3drmt_taglm_hmwl_reten_changegood_0607',0,0,2.436573311,0.660562751,0.271103171,0,0,0,phishing_url1
-3.94346519,0,25,0,TRUE,FALSE,FALSE,0,0,0,0,0,0,de,0,0,0,0,0,0,0,0,phishing_url1
-4.502029704,20,84,0,TRUE,FALSE,FALSE,0,0,0,0,0,0,htmtony,0,0,0,0,0,0,0,0,phishing_url1
-4.308751351,2,42,0,TRUE,FALSE,FALSE,0,0,0,0,0,0,com,0,0,0,0,0,0,0,0,phishing_url1
-4.433540263,9,62,0,TRUE,FALSE,FALSE,1015783,2,1,229,223729,245251,htmlsince,0,0,0.912245006,0.220252751,0.241440347,0,0,0,phishing_url1
-3.91265761,19,58,0,FALSE,FALSE,FALSE,0,0,0,0,0,0,http3a2f2fnews2ebbc2eco2euk2f22fhi2fafrica2f22692382estmon,0,0,0,0,0,0,0,0,phishing_url1
-4.472650171,7,53,0,TRUE,FALSE,FALSE,0,0,0,0,0,0,stmsince,0,0,0,0,0,0,0,0,phishing_url1
-3.895638808,0,36,0,TRUE,FALSE,FALSE,0,0,0,0,0,0,fr,0,0,0,0,0,0,0,0,phishing_url1
-4.536679178,7,94,0,TRUE,FALSE,FALSE,0,0,0,0,0,0,stm<,0,0,0,0,0,0,0,0,phishing_url1
-4.366091329,10,38,0,TRUE,FALSE,FALSE,0,0,0,0,0,0,com,0,0,0,0,0,0,0,0,phishing_url1
-4.082734717,0,35,0,TRUE,FALSE,FALSE,3839,13,7,30,431,738,aspx,0,0,0.58401084,0.11226882,0.192237562,0,0,0,phishing_url1
-4.412016253,1,56,0,TRUE,FALSE,FALSE,0,0,0,0,0,0,aspx?icid3dclub_wlmailtextlink,0,0,0,0,0,0,0,0,phishing_url1
-4.158364628,0,81,0,TRUE,FALSE,FALSE,0,0,0,0,0,0,com,0,0,0,0,0,0,0,0,phishing_url1
-4.20267011,1,82,0,TRUE,FALSE,FALSE,0,0,0,0,0,0,com,0,0,0,0,0,0,0,0,phishing_url1
-4.672143477,9,89,3,TRUE,FALSE,FALSE,0,0,0,0,0,0,php?bannerid3d875&amp;zoneid3d13&amp;source3d&amp;ismap3d',0,0,0,0,0,0,0,0,phishing_url1
-4.690774839,10,99,0,TRUE,FALSE,FALSE,0,0,0,0,0,0,"stmsubsequently,",0,0,0,0,0,0,0,0,phishing_url1
-4.654487025,10,121,0,TRUE,FALSE,FALSE,0,0,0,0,0,0,i,0,0,0,0,0,0,0,0,phishing_url1
-4.082734717,0,35,0,TRUE,FALSE,FALSE,3839,13,7,30,431,738,aspx,0,0,0.58401084,0.11226882,0.192237562,0,0,0,phishing_url1
-4.347585823,28,92,0,FALSE,FALSE,FALSE,0,0,0,0,0,0,http3a2f2fnews2ebbc2eco2euk2fhi2fenglish2fworld2fafrica2fnewsid5f18390002f18392522estmbefore,0,0,0,0,0,0,0,0,phishing_url1
-4.168987628,19,62,0,FALSE,FALSE,FALSE,0,0,0,0,0,0,http3a2f2fnews2ebbc2eco2euk2f12fhi2fworld2fafrica2f8771132estm,0,0,0,0,0,0,0,0,phishing_url1
-3.732988758,7,37,0,FALSE,FALSE,FALSE,0,0,0,0,0,0,http3a2f2fwww2eecondad2eorg2fabacha2e,0,0,0,0,0,0,0,0,phishing_url1
-3.614369446,0,18,0,TRUE,FALSE,FALSE,602189,3,15,207,576434,138884,com,0,0,4.150470897,0.957231035,0.230631911,0,0,0,phishing_url1
-4.16070893,12,60,0,TRUE,FALSE,FALSE,0,0,0,0,0,0,com,0,0,0,0,0,0,0,0,phishing_url1
-4.343062191,13,62,0,TRUE,FALSE,FALSE,0,0,0,0,0,0,shtml,0,0,0,0,0,0,0,0,phishing_url1
-4.359408313,6,49,0,TRUE,FALSE,FALSE,0,0,0,0,0,0,shtmlmy,0,0,0,0,0,0,0,0,phishing_url1
-4.250364172,4,79,0,TRUE,FALSE,FALSE,92,1,0,0,0,18,yuguang,0,0,0,0,0.195652174,0,0,0,phishing_url1
-3.86346519,0,25,0,TRUE,FALSE,FALSE,0,0,0,0,0,0,fr,0,0,0,0,0,0,0,0,phishing_url1
-4.529541028,5,150,0,TRUE,FALSE,FALSE,0,0,0,0,0,0,"html"">all-new",0,0,0,0,0,0,0,0,phishing_url1
-4.385189674,1,109,0,TRUE,FALSE,FALSE,0,0,0,0,0,0,"html"">do",0,0,0,0,0,0,0,0,phishing_url1
-4.576114511,6,150,0,TRUE,FALSE,FALSE,0,0,0,0,0,0,"html"">all-new",0,0,0,0,0,0,0,0,phishing_url1
-4.385189674,1,109,0,TRUE,FALSE,FALSE,0,0,0,0,0,0,"html"">do",0,0,0,0,0,0,0,0,phishing_url1
-4.497686937,5,144,0,TRUE,FALSE,FALSE,0,0,0,0,0,0,"html"">the",0,0,0,0,0,0,0,0,phishing_url1
-4.465999616,3,78,0,TRUE,FALSE,FALSE,10075,0,3,4,5391,4144,"com)if""",0,0,1.300916988,0.535086849,0.411315136,0,1,0,phishing_url1
-4.132944045,6,26,0,TRUE,FALSE,FALSE,15133,34,33,139,10523,3816,de,0,0,2.757599581,0.695367739,0.252164145,0,0,0,phishing_url1
-4.132944045,6,26,0,TRUE,FALSE,FALSE,15165,34,33,139,10555,3824,de,0,0,2.760198745,0.696010551,0.252159578,0,0,0,phishing_url1
-3.594465637,0,21,0,TRUE,FALSE,FALSE,10075,0,3,4,5391,4144,com,0,0,1.300916988,0.535086849,0.411315136,0,0,0,phishing_url1
-4.483555755,10,60,0,TRUE,FALSE,FALSE,0,0,0,0,0,0,com,0,0,0,0,0,0,0,0,phishing_url1
-3.584160077,0,27,0,TRUE,FALSE,FALSE,421345,21,32,84,287617,114085,com,0,0,2.52107639,0.682616383,0.270763863,0,0,0,phishing_url1
-4.488122125,4,90,1,TRUE,FALSE,FALSE,0,0,0,0,0,0,aspx?locale3den-us&source3dwlmailtagline,0,0,0,0,0,0,0,0,phishing_url1
-4.237074314,27,55,0,TRUE,FALSE,FALSE,0,0,0,0,0,0,com20--0-638266516-1149603240:60960--,0,0,0,0,0,0,0,0,phishing_url1
-4.500377548,7,51,0,TRUE,FALSE,FALSE,0,0,0,0,0,0,stm),0,0,0,0,0,0,0,0,phishing_url1
-4.571735622,9,55,0,TRUE,FALSE,FALSE,0,0,0,0,0,0,stm20since,0,0,0,0,0,0,0,0,phishing_url1
-4.653674347,3,73,2,TRUE,FALSE,FALSE,60591,2,1,41,40121,16754,aspx?q3dwindows+vista&mkt3den-us&form3dqbre,0,0,2.394711711,0.662161047,0.276509713,0,0,0,phishing_url1
-4.191830979,1,89,0,TRUE,FALSE,FALSE,0,0,0,0,0,0,"com"">photomail",0,0,0,0,0,0,0,0,phishing_url1
-4.191830979,1,89,0,TRUE,FALSE,FALSE,0,0,0,0,0,0,"com"">photomail",0,0,0,0,0,0,0,0,phishing_url1
-2.422337507,0,80,0,TRUE,FALSE,FALSE,0,0,0,0,0,0,es,0,0,0,0,0,0,0,0,phishing_url1
-3.4548224,0,17,0,TRUE,FALSE,FALSE,0,0,0,0,0,0,es,0,0,0,0,0,0,0,0,phishing_url1
-3.477217001,0,32,0,TRUE,FALSE,FALSE,0,0,0,0,0,0,"freesurf,",0,0,0,0,0,0,0,0,phishing_url1
-3.726474118,0,28,0,TRUE,FALSE,FALSE,0,0,0,0,0,0,fr,0,0,0,0,0,0,0,0,phishing_url1
-4.053787323,19,53,0,FALSE,FALSE,FALSE,0,0,0,0,0,0,http3a2f2fallafrica2ecom2fstories2f2002031800742ehtml,0,0,0,0,0,0,0,0,phishing_url1
-3.95834346,18,71,0,FALSE,FALSE,FALSE,0,0,0,0,0,0,http3a2f2fwww2etime2ecom2ftime2feurope2fmagazine2f20002f272fswiss2ehtml,0,0,0,0,0,0,0,0,phishing_url1
-4.532678211,8,49,0,TRUE,FALSE,FALSE,0,0,0,0,0,0,stm,0,0,0,0,0,0,0,0,phishing_url1
-4.648922001,8,94,3,TRUE,FALSE,FALSE,0,0,0,0,0,0,html<,0,0,0,0,0,0,0,0,phishing_url1
-4.158364628,0,81,0,TRUE,FALSE,FALSE,0,0,0,0,0,0,com,0,0,0,0,0,0,0,0,phishing_url1
-4.20267011,1,82,0,TRUE,FALSE,FALSE,0,0,0,0,0,0,com,0,0,0,0,0,0,0,0,phishing_url1
-3.897587036,1,31,0,TRUE,FALSE,FALSE,0,0,0,0,0,0,phpif,0,0,0,0,0,0,0,0,phishing_url1
-4.274690382,16,52,0,TRUE,FALSE,FALSE,0,0,0,0,0,0,com,0,0,0,0,0,0,0,0,phishing_url1
-3.787143961,0,19,0,TRUE,FALSE,FALSE,44549,92,19,90,16914,11448,com,0,0,1.477463312,0.379671822,0.256975465,0,0,0,phishing_url1
-3.373157118,0,105,0,TRUE,FALSE,FALSE,268,2,0,1,0,52,com,0,0,0,0,0.194029851,0,0,0,phishing_url1
-4.019657508,0,59,0,FALSE,TRUE,FALSE,102,1,0,0,0,18,net,0,0,0,0,0.176470588,0,0,0,phishing_url1
-3.653107168,1,24,0,FALSE,FALSE,FALSE,0,0,0,0,0,0,http-equiv3dcontent-type,0,0,0,0,0,0,0,0,phishing_url1
-3.895638808,0,36,0,TRUE,FALSE,FALSE,0,0,0,0,0,0,fr,0,0,0,0,0,0,0,0,phishing_url1
-3.584160077,0,27,0,TRUE,FALSE,FALSE,421384,21,33,85,287616,114091,com,0,0,2.520935043,0.682550832,0.270753042,0,0,0,phishing_url1
-3.594465637,0,21,0,TRUE,FALSE,FALSE,10075,0,3,4,5391,4144,com,0,0,1.300916988,0.535086849,0.411315136,0,0,0,phishing_url1
-4.315311532,10,40,0,TRUE,FALSE,FALSE,0,0,0,0,0,0,com,0,0,0,0,0,0,0,0,phishing_url1
-4.120271662,0,42,0,TRUE,FALSE,FALSE,0,0,0,0,0,0,"hkattention,thank",0,0,0,0,0,0,0,0,phishing_url1
-4.531994455,11,53,0,TRUE,FALSE,FALSE,0,0,0,0,0,0,2020,0,0,0,0,0,0,0,0,phishing_url1
-4.645681351,22,96,0,TRUE,FALSE,FALSE,0,0,0,0,0,0,localdomain_7750cf6fefc9663bc80625ff92d56d42--,0,0,0,0,0,0,0,0,phishing_url1
-3.820888851,0,21,0,TRUE,FALSE,FALSE,0,0,0,0,0,0,com,0,0,0,0,0,0,0,0,phishing_url1
-3.617809684,0,21,0,TRUE,FALSE,FALSE,0,0,0,0,0,0,za,0,0,0,0,0,0,0,0,phishing_url1
-4.307441652,6,128,0,TRUE,FALSE,FALSE,1015783,2,1,229,223729,245251,comthe,0,0,0.912245006,0.220252751,0.241440347,0,0,0,phishing_url1
-4.026619294,0,31,0,TRUE,FALSE,FALSE,0,0,0,0,0,0,comcrea,0,0,0,0,0,0,0,0,phishing_url1
-4.714605695,16,108,1,TRUE,FALSE,FALSE,0,0,0,0,0,0,stm<,0,0,0,0,0,0,0,0,phishing_url1
-4.462992774,10,63,0,TRUE,FALSE,FALSE,0,0,0,0,0,0,com,0,0,0,0,0,0,0,0,phishing_url1
-4.222794209,0,48,0,TRUE,FALSE,FALSE,0,0,0,0,0,0,uk,0,0,0,0,0,0,0,0,phishing_url1
-4.600100879,8,53,0,TRUE,FALSE,FALSE,0,0,0,0,0,0,stm),0,0,0,0,0,0,0,0,phishing_url1
-4.222794209,0,48,0,TRUE,FALSE,FALSE,0,0,0,0,0,0,uk,0,0,0,0,0,0,0,0,phishing_url1
-4.146822517,8,64,0,TRUE,FALSE,FALSE,0,0,0,0,0,0,list,0,0,0,0,0,0,0,0,phishing_url1
-4.296837159,1,55,0,TRUE,FALSE,FALSE,0,0,0,0,0,0,com?source3dmsntaglineliveearthwlm,0,0,0,0,0,0,0,0,phishing_url1
-4.335789789,14,81,0,TRUE,FALSE,FALSE,0,0,0,0,0,0,http:,0,0,0,0,0,0,1,0,phishing_url1
-3.952302978,0,29,0,TRUE,FALSE,FALSE,438192,22,31,88,303524,118806,com,0,0,2.554786795,0.692673531,0.271127725,0,0,0,phishing_url1
-4.442632379,2,68,0,TRUE,FALSE,FALSE,0,0,0,0,0,0,html?codesm-nl-11am,0,0,0,0,0,0,0,0,phishing_url1
-4.63116159,22,96,0,TRUE,FALSE,FALSE,0,0,0,0,0,0,localdomain_bc68c9a2cc9a8e853c699e610758d1f4--,0,0,0,0,0,0,0,0,phishing_url1
-4.333918899,13,64,0,TRUE,FALSE,FALSE,20393,1,0,13,14352,4926,shtmlon,0,0,2.913520097,0.703770902,0.241553474,0,0,0,phishing_url1
-3.784941827,0,21,0,TRUE,FALSE,FALSE,493,0,0,0,494,9,com,0,0,54.88888889,1.002028398,0.018255578,0,0,0,phishing_url1
-4.222794209,0,48,0,TRUE,FALSE,FALSE,0,0,0,0,0,0,uk,0,0,0,0,0,0,0,0,phishing_url1
-4.201842785,0,41,0,TRUE,FALSE,FALSE,438180,22,31,88,303524,118799,com,0,0,2.554937331,0.692692501,0.271119175,0,0,0,phishing_url1
-4.065260268,0,34,0,TRUE,FALSE,FALSE,0,0,0,0,0,0,"ca""><b>yahoo!",0,0,0,0,0,0,0,0,phishing_url1
-4.526082691,4,91,1,TRUE,FALSE,FALSE,0,0,0,0,0,0,aspx?locale3den-us&source3dwlmailtagline',0,0,0,0,0,0,0,0,phishing_url1
-3.555913095,1,30,0,TRUE,FALSE,FALSE,0,0,0,0,0,0,htm,0,0,0,0,0,0,0,0,phishing_url1
-4.172728778,8,57,0,TRUE,FALSE,FALSE,3033,2,1,25,1135,813,list,0,0,1.396063961,0.374216947,0.268051434,0,0,0,phishing_url1
-4.165858447,0,49,0,TRUE,FALSE,FALSE,0,0,0,0,0,0,asp,0,0,0,0,0,0,0,0,phishing_url1
-4.713538411,21,453,4,TRUE,FALSE,FALSE,450,1,0,1,374,143,com,0,0,2.615384615,0.831111111,0.317777778,0,0,0,phishing_url1
-4.141619208,0,42,0,TRUE,FALSE,FALSE,11361,12,17,65,5181,2503,com,0,0,2.069916101,0.4560338,0.220315113,0,0,0,phishing_url1
-4.356310454,27,88,0,FALSE,FALSE,FALSE,0,0,0,0,0,0,http3a2f2fwww2echinadaily2ecom2ecn2fenglish2fdoc2f2004-112f302fcontent5f3960812ehtmsince,0,0,0,0,0,0,0,0,phishing_url1
-4.416064849,18,72,0,FALSE,FALSE,FALSE,0,0,0,0,0,0,http3a2f2fwww2eusatoday2ecom2fnews2fworld2f2003-07-15-liberia5fx2ehtmtwo,0,0,0,0,0,0,0,0,phishing_url1
-3.762818395,0,41,0,TRUE,FALSE,FALSE,1723,2,0,20,1204,465,,0,0,2.589247312,0.698781196,0.26987812,0,0,0,phishing_url1
-3.865601563,0,48,0,TRUE,FALSE,FALSE,0,0,0,0,0,0,jsp,0,0,0,0,0,0,0,0,phishing_url1
-4.422995053,7,48,0,TRUE,FALSE,FALSE,0,0,0,0,0,0,stm,0,0,0,0,0,0,0,0,phishing_url1
-4.434809493,7,54,0,TRUE,FALSE,FALSE,0,0,0,0,0,0,stmdepuis,0,0,0,0,0,0,0,0,phishing_url1
-4.462992774,10,63,0,TRUE,FALSE,FALSE,0,0,0,0,0,0,com,0,0,0,0,0,0,0,0,phishing_url1
-4.07850615,0,33,0,TRUE,FALSE,FALSE,0,0,0,0,0,0,com,0,0,0,0,0,0,0,0,phishing_url1
-4.082734717,0,35,0,TRUE,FALSE,FALSE,3839,13,7,30,431,738,aspx,0,0,0.58401084,0.11226882,0.192237562,0,0,0,phishing_url1
-4.476456017,7,49,0,TRUE,FALSE,FALSE,0,0,0,0,0,0,stm),0,0,0,0,0,0,0,0,phishing_url1
-3.697845823,0,22,0,TRUE,FALSE,FALSE,60621,2,1,41,40151,16767,com,0,0,2.394644242,0.662328236,0.276587321,0,0,0,phishing_url1
-4.109306836,0,43,0,TRUE,FALSE,FALSE,0,0,0,0,0,0,asp?athf,0,0,0,0,0,0,0,0,phishing_url1
-4.021268495,0,29,0,TRUE,FALSE,FALSE,438214,22,30,87,303525,118814,com,0,0,2.554623193,0.692641038,0.271132369,0,0,0,phishing_url1
-4.555625408,31,217,0,TRUE,FALSE,FALSE,0,0,0,0,0,0,com,0,0,0,0,0,0,0,0,phishing_url1
-4.650713207,8,57,0,TRUE,FALSE,FALSE,0,0,0,0,0,0,htm,0,0,0,0,0,0,0,0,phishing_url1
-4.462030971,1,57,0,TRUE,FALSE,FALSE,0,0,0,0,0,0,aspx?icid3dclub_wlmailtextlink',0,0,0,0,0,0,0,0,phishing_url1
-4.480388542,7,48,0,TRUE,FALSE,FALSE,0,0,0,0,0,0,stm,0,0,0,0,0,0,0,0,phishing_url1
-4.189930012,0,47,0,TRUE,FALSE,FALSE,431,4,0,1,277,105,html,0,0,2.638095238,0.642691415,0.24361949,0,0,0,phishing_url1
-4.434606072,10,121,1,TRUE,FALSE,FALSE,0,0,0,0,0,0,cfm?dspcontent&contentid974,0,0,0,0,0,0,0,0,phishing_url1
-3.763342488,1,26,0,FALSE,FALSE,FALSE,0,0,0,0,0,0,"http-equiv3d""content-type""",0,0,0,0,0,0,0,0,phishing_url1
-4.846788661,20,197,0,TRUE,FALSE,FALSE,0,0,0,0,0,0,6900fe02--,0,0,0,0,0,0,0,0,phishing_url1
-3.787143961,0,19,0,TRUE,FALSE,FALSE,44549,92,19,90,16914,11448,com,0,0,1.477463312,0.379671822,0.256975465,0,0,0,phishing_url1
-4.557345715,16,98,0,TRUE,FALSE,FALSE,0,0,0,0,0,0,stmi,0,0,0,0,0,0,0,0,phishing_url1
-4.483555755,10,60,0,TRUE,FALSE,FALSE,0,0,0,0,0,0,com,0,0,0,0,0,0,0,0,phishing_url1
-3.991729297,0,32,0,TRUE,FALSE,FALSE,0,0,0,0,0,0,ukpowered,0,0,0,0,0,0,0,0,phishing_url1
-3.642489673,0,23,0,TRUE,FALSE,FALSE,16066,64,32,206,8153,4003,uk,0,0,2.036722458,0.50746919,0.249159716,0,0,0,phishing_url1
-4.421029622,7,52,0,TRUE,FALSE,FALSE,0,0,0,0,0,0,stmthis,0,0,0,0,0,0,0,0,phishing_url1
-4.562287505,3,89,2,TRUE,FALSE,FALSE,5536,0,0,0,5455,1885,aspx&mkt3den-us',0,0,2.893899204,0.985368497,0.340498555,0,0,0,phishing_url1
-4.456017771,12,54,0,TRUE,FALSE,FALSE,0,0,0,0,0,0,http:,0,0,0,0,0,0,0,0,phishing_url1
-4.513870102,12,62,0,TRUE,FALSE,FALSE,0,0,0,0,0,0,http:,0,0,0,0,0,0,0,0,phishing_url1
-4.586951533,5,73,0,TRUE,FALSE,FALSE,0,0,0,0,0,0,com,0,0,0,0,0,0,0,0,phishing_url1
-3.90157858,0,38,0,TRUE,FALSE,FALSE,0,0,0,0,0,0,com,0,0,0,0,0,0,0,0,phishing_url1
-4.24052826,2,46,0,TRUE,FALSE,FALSE,179,0,1,8,0,48,jp,0,0,0,0,0.268156425,0,0,0,phishing_url1
-4.524241989,3,88,2,TRUE,FALSE,FALSE,5536,0,0,0,5455,1885,aspx&mkt3den-us,0,0,2.893899204,0.985368497,0.340498555,0,0,0,phishing_url1
-4.462992774,10,63,0,TRUE,FALSE,FALSE,0,0,0,0,0,0,com,0,0,0,0,0,0,0,0,phishing_url1
-3.558518613,0,21,0,TRUE,FALSE,FALSE,32223,63,37,152,22797,9203,cz,0,0,2.477127024,0.707476026,0.285603451,0,0,0,phishing_url1
-4.247062389,16,114,0,TRUE,FALSE,FALSE,0,0,0,0,0,0,list,0,0,0,0,0,0,0,0,phishing_url1
-4.433338479,6,57,0,TRUE,FALSE,FALSE,1015783,2,1,229,223729,245251,listsince,0,0,0.912245006,0.220252751,0.241440347,0,0,0,phishing_url1
-4.096382336,8,44,0,TRUE,FALSE,FALSE,0,0,0,0,0,0,html,0,0,0,0,0,0,0,0,phishing_url1
-4.003701696,8,40,0,TRUE,FALSE,FALSE,0,0,0,0,0,0,,0,0,0,0,0,0,0,0,phishing_url1
-4.869156787,15,123,0,TRUE,FALSE,FALSE,0,0,0,0,0,0,es,0,0,0,0,0,0,0,0,phishing_url1
-4.319646812,16,62,0,FALSE,FALSE,FALSE,0,0,0,0,0,0,http3a2f2fwww2egov2eza2fgol2fgcis5fprofile2ejsp3fid3d10683ethe,0,0,0,0,0,0,0,0,phishing_url1
-4.462992774,10,63,0,TRUE,FALSE,FALSE,0,0,0,0,0,0,com,0,0,0,0,0,0,0,0,phishing_url1
-4.109306836,0,43,0,TRUE,FALSE,FALSE,0,0,0,0,0,0,asp?athf,0,0,0,0,0,0,0,0,phishing_url1
-3.642489673,0,23,0,TRUE,FALSE,FALSE,119550,2,0,26,98637,24328,net,0,0,4.054463992,0.825069009,0.203496445,0,0,0,phishing_url1
-3.976721964,25,64,0,FALSE,FALSE,FALSE,0,0,0,0,0,0,http3a2f2fnewsfromrussia2ecom2fmain2f20032f112f132f512152ehtml22,0,0,0,0,0,0,0,0,phishing_url1
-4.003313449,29,72,0,FALSE,FALSE,FALSE,0,0,0,0,0,0,http3a2f2fnewsfromrussia2ecom2fmain2f20032f112f132f512152ehtml3e3e3c3c22,0,0,0,0,0,0,0,0,phishing_url1
-3.925189791,24,70,0,FALSE,FALSE,FALSE,0,0,0,0,0,0,http3a2f2fwww2ethemoscowtimes2ecom2fstories2f20042f102f182f0412ehtml22,0,0,0,0,0,0,0,0,phishing_url1
-3.972756177,28,78,0,FALSE,FALSE,FALSE,0,0,0,0,0,0,http3a2f2fwww2ethemoscowtimes2ecom2fstories2f20042f102f182f0412ehtml3e3e3c3c22,0,0,0,0,0,0,0,0,phishing_url1
-4.128076835,21,74,0,FALSE,FALSE,FALSE,0,0,0,0,0,0,http3a2f2fwww2emosnews2ecom2fmoney2f20042f102f182fyuganskneftegaz2eshtml22,0,0,0,0,0,0,0,0,phishing_url1
-4.378544994,50,179,0,FALSE,FALSE,FALSE,0,0,0,0,0,0,http3a2f2fwww2emosnews2ecom2fmoney2f20042f102f182fyuganskneftegaz2eshtml3e3e3c3chttp3a2f2fwww2emercurynews2ecom2fmld2fmercurynews2fnews2fbreaking5fnews2f99501872eh3e3etm3f1c3c3c22,0,0,0,0,0,0,0,0,phishing_url1
-4.075000546,21,60,0,FALSE,FALSE,FALSE,0,0,0,0,0,0,http3a2f2fnews2ebbc2eco2euk2f12fhi2fbusiness2f37538042estm22,0,0,0,0,0,0,0,0,phishing_url1
-4.038930121,25,68,0,FALSE,FALSE,FALSE,0,0,0,0,0,0,http3a2f2fnews2ebbc2eco2euk2f12fhi2fbusiness2f37538042estm3e3e3c3c22,0,0,0,0,0,0,0,0,phishing_url1
-4.03879864,23,77,0,FALSE,FALSE,FALSE,0,0,0,0,0,0,http3a2f2fmoney2ecnn2ecom2f20042f102f182fnews2finternational2fyukos2ereut2f22,0,0,0,0,0,0,0,0,phishing_url1
-4.079478591,27,85,0,FALSE,FALSE,FALSE,0,0,0,0,0,0,http3a2f2fmoney2ecnn2ecom2f20042f102f182fnews2finternational2fyukos2ereut2f3e3e3c3c22,0,0,0,0,0,0,0,0,phishing_url1
-4.515423008,27,74,0,FALSE,FALSE,FALSE,0,0,0,0,0,0,http3a2f2fwashingtontimes2ecom2fupi-breaking2f20041017-064951-5424r2ehtm22,0,0,0,0,0,0,0,0,phishing_url1
-4.537642865,31,82,0,FALSE,FALSE,FALSE,0,0,0,0,0,0,http3a2f2fwashingtontimes2ecom2fupi-breaking2f20041017-064951-5424r2ehtm3e3e3c3c22,0,0,0,0,0,0,0,0,phishing_url1
-4.032826313,30,76,0,FALSE,FALSE,FALSE,0,0,0,0,0,0,http3a2f2fwww2eforbes2ecom2fhome2ffeeds2fap2f20042f102f182fap15957172ehtml22,0,0,0,0,0,0,0,0,phishing_url1
-4.087673854,34,84,0,FALSE,FALSE,FALSE,0,0,0,0,0,0,http3a2f2fwww2eforbes2ecom2fhome2ffeeds2fap2f20042f102f182fap15957172ehtml3e3e3c3c22,0,0,0,0,0,0,0,0,phishing_url1
-4.179602132,18,70,0,FALSE,FALSE,FALSE,0,0,0,0,0,0,http3a2f2fwww2enewratings2ecom2fanalyst5fnews2farticle5f4966422ehtml22,0,0,0,0,0,0,0,0,phishing_url1
-4.291420398,49,181,0,FALSE,FALSE,FALSE,0,0,0,0,0,0,http3a2f2fwww2enewratings2ecom2fanalyst5fnews2farticle5f4966422ehtml3e3e3c3c3chttp3a2f2fwww2echannelnewsasia2ecom2fstories2fafp5fworld5fbusiness2fview2f1123022f12f2eh3etml3e3e3c3c22,0,0,0,0,0,0,0,0,phishing_url1
-4.29173803,22,78,0,FALSE,FALSE,FALSE,0,0,0,0,0,0,http3a2f2fwww2ewashingtonpost2ecom2fwp-dyn2farticles2fa28041-2004oct122ehtml22,0,0,0,0,0,0,0,0,phishing_url1
-4.333426923,22,83,0,FALSE,FALSE,FALSE,0,0,0,0,0,0,http3a2f2fwww2ewashingtonpost2ecom2fwp-dyn2farticles2fa28041-2004oct122ehtml3e3ethe,0,0,0,0,0,0,0,0,phishing_url1
-4.422995053,7,48,0,TRUE,FALSE,FALSE,0,0,0,0,0,0,stm,0,0,0,0,0,0,0,0,phishing_url1
-4.455748576,8,46,0,TRUE,FALSE,FALSE,0,0,0,0,0,0,stmii),0,0,0,0,0,0,0,0,phishing_url1
-4.275651853,8,45,0,TRUE,FALSE,FALSE,0,0,0,0,0,0,stm,0,0,0,0,0,0,0,0,phishing_url1
-4.481242941,8,74,0,TRUE,FALSE,FALSE,3033,2,1,25,1135,813,"htmlhowever,",0,0,1.396063961,0.374216947,0.268051434,0,0,0,phishing_url1
-4.483555755,10,60,0,TRUE,FALSE,FALSE,0,0,0,0,0,0,com,0,0,0,0,0,0,0,0,phishing_url1
-3.456564762,0,15,0,TRUE,FALSE,FALSE,0,0,0,0,0,0,net,0,0,0,0,0,0,0,0,phishing_url1
-3.787143961,0,19,0,TRUE,FALSE,FALSE,44549,92,19,90,16914,11448,com,0,0,1.477463312,0.379671822,0.256975465,0,0,0,phishing_url1
-4.156397771,8,59,0,TRUE,FALSE,FALSE,0,0,0,0,0,0,list,0,0,0,0,0,0,0,0,phishing_url1
-4.20063896,17,66,0,FALSE,FALSE,FALSE,0,0,0,0,0,0,http3a,0,0,0,0,0,0,0,0,phishing_url1
-4.328865863,33,124,0,FALSE,FALSE,FALSE,0,0,0,0,0,0,http3a,0,0,0,0,0,0,0,0,phishing_url1
-4.54242306,56,199,0,FALSE,FALSE,FALSE,0,0,0,0,0,0,http3a,0,0,0,0,0,0,0,0,phishing_url1
-4.064392248,0,41,0,TRUE,FALSE,FALSE,25089,1,0,71,11815,6538,com,0,0,1.807127562,0.470923512,0.260592291,0,0,0,phishing_url1
-3.614369446,0,18,0,TRUE,FALSE,FALSE,602189,3,15,207,576434,138884,com,0,0,4.150470897,0.957231035,0.230631911,0,0,0,phishing_url1
-4.947181739,18,266,6,TRUE,FALSE,FALSE,92,1,0,0,0,18,php?t71327+liberian+war+date&amp;hlen&amp;ctclnk&amp;cd9<,0,0,0,0,0.195652174,0,0,0,phishing_url1
-4.539096883,6,117,1,TRUE,FALSE,FALSE,0,0,0,0,0,0,aspstylecolor:black,0,0,0,0,0,0,0,0,phishing_url1
-4.055717137,21,65,0,FALSE,FALSE,FALSE,0,0,0,0,0,0,http3a2f2fnews2ebbc2eco2euk2f12fhi2fworld2fafrica2f21342202estm3e,0,0,0,0,0,0,0,0,phishing_url1
-4.242789945,0,87,0,TRUE,FALSE,FALSE,0,0,0,0,0,0,com,0,0,0,0,0,0,0,0,phishing_url1
-4.242789945,0,87,0,TRUE,FALSE,FALSE,0,0,0,0,0,0,com,0,0,0,0,0,0,0,0,phishing_url1
-4.242789945,0,87,0,TRUE,FALSE,FALSE,0,0,0,0,0,0,com,0,0,0,0,0,0,0,0,phishing_url1
-4.242789945,0,87,0,TRUE,FALSE,FALSE,0,0,0,0,0,0,com,0,0,0,0,0,0,0,0,phishing_url1
-3.977916875,0,31,0,TRUE,FALSE,FALSE,0,0,0,0,0,0,fr,0,0,0,0,0,0,0,0,phishing_url1
-4.021268495,0,29,0,TRUE,FALSE,FALSE,438152,22,30,87,303524,118810,com,0,0,2.554700783,0.692736767,0.271161606,0,0,0,phishing_url1
-3.637198735,0,32,0,TRUE,FALSE,FALSE,7,0,0,0,0,0,it,0,0,0,0,0,0,0,0,phishing_url1
-4.462992774,10,63,0,TRUE,FALSE,FALSE,0,0,0,0,0,0,com,0,0,0,0,0,0,0,0,phishing_url1
-4.506105796,7,55,0,TRUE,FALSE,FALSE,0,0,0,0,0,0,"stmhence,i",0,0,0,0,0,0,0,0,phishing_url1
-4.462992774,10,63,0,TRUE,FALSE,FALSE,0,0,0,0,0,0,com,0,0,0,0,0,0,0,0,phishing_url1
-3.820888851,0,21,0,TRUE,FALSE,FALSE,0,0,0,0,0,0,com,0,0,0,0,0,0,0,0,phishing_url1
-3.308095446,8,135,0,TRUE,FALSE,FALSE,3033,2,1,25,1135,813,html_________________________________________________________________don't,0,0,1.396063961,0.374216947,0.268051434,0,0,0,phishing_url1
-3.697845823,0,22,0,TRUE,FALSE,FALSE,60621,2,1,41,40151,16768,com,0,0,2.394501431,0.662328236,0.276603817,0,0,0,phishing_url1
-4.649758102,8,41,1,TRUE,FALSE,FALSE,8,0,1,0,0,1,za?di1054&xapid2083,0,0,0,0,0.125,0,0,0,phishing_url1
-4.231228042,0,67,0,TRUE,FALSE,FALSE,1070,0,0,0,952,317,com<,0,0,3.003154574,0.889719626,0.296261682,0,0,0,phishing_url1
-4.777631881,48,150,0,TRUE,FALSE,FALSE,0,0,0,0,0,0,html<,0,0,0,0,0,0,0,0,phishing_url1
-4.580932998,26,142,0,TRUE,FALSE,FALSE,0,0,0,0,0,0,html<,0,0,0,0,0,0,0,0,phishing_url1
-4.841136135,13,124,0,TRUE,FALSE,FALSE,154,1,0,0,0,28,htm,0,0,0,0,0.181818182,0,1,0,phishing_url1
-4.903159299,14,137,1,TRUE,FALSE,FALSE,156,1,0,0,0,28,htm,0,0,0,0,0.179487179,0,1,0,phishing_url1
-4.398364553,14,96,0,TRUE,FALSE,FALSE,0,0,0,0,0,0,stm,0,0,0,0,0,0,0,0,phishing_url1
-4.870958563,8,71,2,TRUE,FALSE,FALSE,255,0,0,0,149,91,php?id861519&tkn8lamkgom&m1<a,0,0,1.637362637,0.584313725,0.356862745,0,0,0,phishing_url1
-4.906701636,8,74,2,TRUE,FALSE,FALSE,255,0,0,0,149,91,"php?id861519&tkn8lamkgom&m1"">aol",0,0,1.637362637,0.584313725,0.356862745,0,0,0,phishing_url1
-4.286258254,20,106,0,TRUE,FALSE,FALSE,0,0,0,0,0,0,home,0,0,0,0,0,0,0,0,phishing_url1
-4.245391812,26,76,0,FALSE,FALSE,FALSE,0,0,0,0,0,0,http3a2f2fwww2ecbsnews2ecom2fstories2f19992f112f012firan2fmain497782eshtml3e,0,0,0,0,0,0,0,0,phishing_url1
-4.245391812,26,76,0,FALSE,FALSE,FALSE,0,0,0,0,0,0,http3a2f2fwww2ecbsnews2ecom2fstories2f19992f112f012firan2fmain497782eshtml3e,0,0,0,0,0,0,0,0,phishing_url1
-3.914214908,0,45,0,TRUE,FALSE,FALSE,0,0,0,0,0,0,the,0,0,0,0,0,0,0,0,phishing_url1
-4.422995053,7,48,0,TRUE,FALSE,FALSE,0,0,0,0,0,0,stm,0,0,0,0,0,0,0,0,phishing_url1
-4.579016943,24,134,0,FALSE,FALSE,FALSE,0,0,0,0,0,0,http3a,0,0,0,0,0,0,0,0,phishing_url1
-4.602381848,9,57,0,TRUE,FALSE,FALSE,0,0,0,0,0,0,"stm20hence,i",0,0,0,0,0,0,0,0,phishing_url1
-4.043057694,0,34,0,TRUE,FALSE,FALSE,5536,0,0,0,5455,1885,aspx,0,0,2.893899204,0.985368497,0.340498555,0,0,0,phishing_url1
-3.681880803,2,19,0,TRUE,FALSE,FALSE,9551,13,20,130,7761,3195,com,0,0,2.429107981,0.81258507,0.334519946,0,0,0,phishing_url1
-3.616874606,0,17,0,TRUE,FALSE,FALSE,0,0,0,0,0,0,com,0,0,0,0,0,0,0,0,phishing_url1
-4.457944182,6,70,0,TRUE,FALSE,FALSE,0,0,0,0,0,0,"com"">yahoo!",0,0,0,0,0,0,0,0,phishing_url1
-4.457944182,6,70,0,TRUE,FALSE,FALSE,0,0,0,0,0,0,"com"">yahoo!",0,0,0,0,0,0,0,0,phishing_url1
-3.895638808,0,36,0,TRUE,FALSE,FALSE,0,0,0,0,0,0,fr,0,0,0,0,0,0,0,0,phishing_url1
-4.172728778,8,57,0,TRUE,FALSE,FALSE,3033,2,1,25,1135,813,list,0,0,1.396063961,0.374216947,0.268051434,0,0,0,phishing_url1
-4.489912495,10,61,0,TRUE,FALSE,FALSE,0,0,0,0,0,0,com,0,0,0,0,0,0,0,0,phishing_url1
-4.321157232,0,49,0,TRUE,FALSE,FALSE,0,0,0,0,0,0,html?userkennth_uman,0,0,0,0,0,0,0,0,phishing_url1
-4.497993814,6,111,0,TRUE,FALSE,FALSE,0,0,0,0,0,0,"com"">make",0,0,0,0,0,0,0,0,phishing_url1
-3.861983513,0,33,0,TRUE,FALSE,FALSE,0,0,0,0,0,0,com,0,0,0,0,0,0,0,0,phishing_url1
-4.161211729,8,53,0,TRUE,FALSE,FALSE,3033,2,1,25,1135,813,list,0,0,1.396063961,0.374216947,0.268051434,0,0,0,phishing_url1
-4.614394501,21,96,0,TRUE,FALSE,FALSE,0,0,0,0,0,0,localdomain_50c99bf8175b9d34ad8c3eab948495ff--,0,0,0,0,0,0,0,0,phishing_url1
-4.407144459,1,51,0,TRUE,FALSE,FALSE,0,0,0,0,0,0,html?userkolajohnsons1,0,0,0,0,0,0,0,0,phishing_url1
-4.027518266,0,32,0,TRUE,FALSE,FALSE,0,0,0,0,0,0,fr,0,0,0,0,0,0,0,0,phishing_url1
-4.437700761,9,57,0,TRUE,FALSE,FALSE,1015783,2,1,229,223729,245251,html,0,0,0.912245006,0.220252751,0.241440347,0,0,0,phishing_url1
-4.656378525,12,121,0,TRUE,FALSE,FALSE,0,0,0,0,0,0,php?id6979after,0,0,0,0,0,0,0,0,phishing_url1
-4.425527612,12,140,0,TRUE,FALSE,FALSE,0,0,0,0,0,0,html),0,0,0,0,0,0,0,0,phishing_url1
-4.230914298,28,56,0,TRUE,FALSE,FALSE,0,0,0,0,0,0,com20--0-1518937217-1166557555:66057--,0,0,0,0,0,0,0,0,phishing_url1
-4.422995053,7,48,0,TRUE,FALSE,FALSE,0,0,0,0,0,0,stm,0,0,0,0,0,0,0,0,phishing_url1
-4.657777804,19,96,0,TRUE,FALSE,FALSE,0,0,0,0,0,0,localdomain_427f6daf506ceda1959fc208814dfbaa--,0,0,0,0,0,0,0,0,phishing_url1
-4.10231254,0,45,0,TRUE,FALSE,FALSE,75,0,0,0,89,25,es,0,0,3.56,1.186666667,0.333333333,0,0,0,phishing_url1
-3.917145713,7,280,32,TRUE,FALSE,FALSE,0,0,0,0,0,0,stm<,0,0,0,0,0,0,0,0,phishing_url1
-4.462030971,1,57,0,TRUE,FALSE,FALSE,0,0,0,0,0,0,aspx?icid3dclub_wlmailtextlink',0,0,0,0,0,0,0,0,phishing_url1
-4.014438731,0,35,0,TRUE,FALSE,FALSE,0,0,0,0,0,0,asp,0,0,0,0,0,0,0,0,phishing_url1
-3.977916875,0,31,0,TRUE,FALSE,FALSE,9915,18,9,62,5726,2758,za,0,0,2.076142132,0.577508825,0.278164397,0,0,0,phishing_url1
-2.993629613,0,90,0,TRUE,FALSE,FALSE,4368,4,3,63,1881,1040,org,0,0,1.808653846,0.430631868,0.238095238,0,0,0,phishing_url1
-4.000617924,0,56,0,FALSE,TRUE,FALSE,99,1,0,0,0,18,net,0,0,0,0,0.181818182,0,0,0,phishing_url1
-3.737932272,0,46,0,TRUE,FALSE,FALSE,0,0,0,0,0,0,mx,0,0,0,0,0,0,0,0,phishing_url1
-3.998734235,0,51,0,TRUE,FALSE,FALSE,3306,4,3,33,2417,871,mx,0,0,2.774971297,0.731094979,0.263460375,0,0,0,phishing_url1
-3.78346519,0,25,0,TRUE,FALSE,FALSE,1925,9,0,2,958,402,com,0,0,2.383084577,0.497662338,0.208831169,0,0,0,phishing_url1
-4.222794209,0,48,0,TRUE,FALSE,FALSE,0,0,0,0,0,0,uk,0,0,0,0,0,0,0,0,phishing_url1
-4.264637807,26,84,0,FALSE,FALSE,FALSE,0,0,0,0,0,0,http3a2f2fnews2ebbc2eco2euk2fhi2fenglish2fworld2fafrica2fnewsid5f9090002f9099722estm,0,0,0,0,0,0,0,0,phishing_url1
-4.378334947,26,84,0,FALSE,FALSE,FALSE,0,0,0,0,0,0,http3a2f2fnews2ebbc2eco2euk2fhi2fenglish2fworld2fafrica2fnewsid5f8770002f8771132estm,0,0,0,0,0,0,0,0,phishing_url1
-4.221213196,20,70,0,FALSE,FALSE,FALSE,0,0,0,0,0,0,http3a2f2fnews2ebbc2eco2euk2f22fhi2fprogrammes2fpanorama2f40071912estm,0,0,0,0,0,0,0,0,phishing_url1
-4.654380182,7,100,1,TRUE,FALSE,FALSE,0,0,0,0,0,0,stm<,0,0,0,0,0,0,0,0,phishing_url1
-4.69406194,3,74,2,TRUE,FALSE,FALSE,60591,2,1,41,40121,16755,aspx?q3dwindows+vista&mkt3den-us&form3dqbre',0,0,2.394568785,0.662161047,0.276526217,0,0,0,phishing_url1
-4.684757913,24,96,0,TRUE,FALSE,FALSE,0,0,0,0,0,0,localdomain_629a3198eb3c3ad53d9348fb4783700f--,0,0,0,0,0,0,0,0,phishing_url1
-4.405932127,8,43,0,TRUE,FALSE,FALSE,0,0,0,0,0,0,stm,0,0,0,0,0,0,0,0,phishing_url1
-4.417362635,14,66,0,TRUE,FALSE,FALSE,4605,8,2,69,3236,1274,"well,",0,0,2.540031397,0.702714441,0.276655809,0,0,0,phishing_url1
-3.828237502,0,27,0,TRUE,FALSE,FALSE,0,0,0,0,0,0,za,0,0,0,0,0,0,0,0,phishing_url1
-4.055717137,21,65,0,FALSE,FALSE,FALSE,0,0,0,0,0,0,http3a2f2fnews2ebbc2eco2euk2f12fhi2fworld2fafrica2f21342202estm3e,0,0,0,0,0,0,0,0,phishing_url1
-4.685469162,8,63,0,TRUE,FALSE,FALSE,0,0,0,0,0,0,htmbefore,0,0,0,0,0,0,0,0,phishing_url1
-4.16070893,12,60,0,TRUE,FALSE,FALSE,0,0,0,0,0,0,com,0,0,0,0,0,0,0,0,phishing_url1
-4.651543945,19,137,0,TRUE,FALSE,FALSE,0,0,0,0,0,0,localdomain_5d3092d6d5fe0a89bb78d40ddefe23e7--,0,0,0,0,0,0,0,0,phishing_url1
-4.120271662,0,42,0,TRUE,FALSE,FALSE,0,0,0,0,0,0,"hkattention,thank",0,0,0,0,0,0,0,0,phishing_url1
-3.642489673,0,23,0,TRUE,FALSE,FALSE,104431,2,0,26,98637,20367,net,0,0,4.842981293,0.94451839,0.195028296,0,0,0,phishing_url1
-3.784941827,0,21,0,TRUE,FALSE,FALSE,493,0,0,0,494,9,com,0,0,54.88888889,1.002028398,0.018255578,0,0,0,phishing_url1
-4.402789885,7,49,0,TRUE,FALSE,FALSE,0,0,0,0,0,0,,0,0,0,0,0,0,0,0,phishing_url1
-3.637198735,0,32,0,TRUE,FALSE,FALSE,7,0,0,0,0,0,it,0,0,0,0,0,0,0,0,phishing_url1
-3.594465637,0,21,0,TRUE,FALSE,FALSE,10075,0,3,4,5391,4145,com,0,0,1.300603136,0.535086849,0.411414392,0,0,0,phishing_url1
-3.594465637,0,21,0,TRUE,FALSE,FALSE,10075,0,3,4,5391,4144,com,0,0,1.300916988,0.535086849,0.411315136,0,0,0,phishing_url1
-3.653107168,1,24,0,FALSE,FALSE,FALSE,0,0,0,0,0,0,http-equiv3dcontent-type,0,0,0,0,0,0,0,0,phishing_url1
-3.763342488,1,26,0,FALSE,FALSE,FALSE,0,0,0,0,0,0,"http-equiv3d""content-type""",0,0,0,0,0,0,0,0,phishing_url1
-4.046439345,0,40,0,FALSE,TRUE,FALSE,1094,2,0,0,0,256,aspx,0,0,0,0,0.234003656,0,0,0,phishing_url1
-4.626579245,5,97,0,TRUE,FALSE,FALSE,0,0,0,0,0,0,"html"">jib",0,0,0,0,0,0,0,0,phishing_url1
-4.06610894,0,28,0,TRUE,FALSE,FALSE,0,0,0,0,0,0,"com"">all-new",0,0,0,0,0,0,0,0,phishing_url1
-3.795088586,2,23,0,TRUE,FALSE,FALSE,0,0,0,0,0,0,com20,0,0,0,0,0,0,0,0,phishing_url1
-3.697845823,0,22,0,TRUE,FALSE,FALSE,60621,2,1,41,40151,16767,com,0,0,2.394644242,0.662328236,0.276587321,0,0,0,phishing_url1
-4.328865863,33,124,0,FALSE,FALSE,FALSE,0,0,0,0,0,0,http3a,0,0,0,0,0,0,0,0,phishing_url1
-4.512901327,40,147,0,FALSE,FALSE,FALSE,0,0,0,0,0,0,http3a,0,0,0,0,0,0,0,0,phishing_url1
-5.028974072,13,139,1,TRUE,FALSE,FALSE,0,0,0,0,0,0,"jsp?adel3dd3sppz6wyld7%2fd1dxmxp%2bbxoor4ycdmonmtwauiznjh6q2wgrcnxuw%3d%3d&pi3dy_mail_textlink"">click",0,0,0,0,0,0,0,0,phishing_url1
-4.608575598,4,71,0,TRUE,FALSE,FALSE,0,0,0,0,0,0,shtml?bxxcyxfyag,0,0,0,0,0,0,0,0,phishing_url1
-3.795088586,0,23,0,TRUE,FALSE,FALSE,58412,2,1,39,37944,16130,za,0,0,2.352386857,0.649592549,0.276141889,0,0,0,phishing_url1
-4.695583022,8,161,0,TRUE,FALSE,FALSE,10075,0,3,4,5391,4144,"htm;%27%29;""",0,0,1.300916988,0.535086849,0.411315136,0,0,0,phishing_url1
-4.662645536,8,158,0,TRUE,FALSE,FALSE,10075,0,3,4,5391,4145,"htm;%27%29;""",0,0,1.300603136,0.535086849,0.411414392,0,0,0,phishing_url1
-3.840018266,0,32,0,TRUE,FALSE,FALSE,0,0,0,0,0,0,"ca""><b>yahoo!",0,0,0,0,0,0,0,0,phishing_url1
-3.933783409,8,40,0,TRUE,FALSE,FALSE,3033,2,1,25,1135,813,,0,0,1.396063961,0.374216947,0.268051434,0,0,0,phishing_url1
-3.787143961,0,19,0,TRUE,FALSE,FALSE,44549,92,19,90,16914,11448,com,0,0,1.477463312,0.379671822,0.256975465,0,0,0,phishing_url1
-4.465018266,4,64,0,TRUE,FALSE,FALSE,0,0,0,0,0,0,"fr""",0,0,0,0,0,0,1,0,phishing_url1
-3.879664005,0,22,0,TRUE,FALSE,FALSE,0,0,0,0,0,0,com',0,0,0,0,0,0,0,0,phishing_url1
-3.787143961,0,19,0,TRUE,FALSE,FALSE,44549,92,19,90,16914,11448,com,0,0,1.477463312,0.379671822,0.256975465,0,0,0,phishing_url1
-3.787143961,0,19,0,TRUE,FALSE,FALSE,44549,92,19,90,16914,11448,com,0,0,1.477463312,0.379671822,0.256975465,0,0,0,phishing_url1
-4.394833067,8,120,0,TRUE,FALSE,FALSE,0,0,0,0,0,0,htmlsince,0,0,0,0,0,0,0,0,phishing_url1
-4.822441704,21,88,0,TRUE,FALSE,FALSE,0,0,0,0,0,0,aspx?versionid5d21c51a-b161-4314-9b0e-4911fb2b2e6d,0,0,0,0,0,0,0,0,phishing_url1
-4.264637807,26,84,0,FALSE,FALSE,FALSE,0,0,0,0,0,0,http3a2f2fnews2ebbc2eco2euk2fhi2fenglish2fworld2fafrica2fnewsid5f9090002f9099722estm,0,0,0,0,0,0,0,0,phishing_url1
-4.378334947,26,84,0,FALSE,FALSE,FALSE,0,0,0,0,0,0,http3a2f2fnews2ebbc2eco2euk2fhi2fenglish2fworld2fafrica2fnewsid5f8770002f8771132estm,0,0,0,0,0,0,0,0,phishing_url1
-3.820888851,0,21,0,TRUE,FALSE,FALSE,0,0,0,0,0,0,com,0,0,0,0,0,0,0,0,phishing_url1
-3.62346519,0,25,0,TRUE,FALSE,FALSE,0,0,0,0,0,0,info,0,0,0,0,0,0,0,0,phishing_url1
-4.433634982,5,42,0,TRUE,FALSE,FALSE,11209,12,17,65,5126,2505,php?id49641,0,0,2.046307385,0.457311089,0.223481131,0,0,0,phishing_url1
-4.717190168,5,55,0,TRUE,FALSE,FALSE,11209,12,17,65,5126,2500,"php?id49641regards,vasil",0,0,2.0504,0.457311089,0.223035061,0,0,0,phishing_url1
-4.032303243,0,27,0,TRUE,FALSE,FALSE,0,0,0,0,0,0,de,0,0,0,0,0,0,0,0,phishing_url1
-4.459929159,2,106,0,TRUE,FALSE,FALSE,0,0,0,0,0,0,"html"">new",0,0,0,0,0,0,0,0,phishing_url1
-4.764736527,37,116,0,TRUE,FALSE,FALSE,0,0,0,0,0,0,com,0,0,0,0,0,0,0,0,phishing_url1
-4.483555755,10,60,0,TRUE,FALSE,FALSE,0,0,0,0,0,0,com,0,0,0,0,0,0,0,0,phishing_url1
-4.302449863,0,42,0,TRUE,FALSE,FALSE,0,0,0,0,0,0,com,0,0,0,0,0,0,0,0,phishing_url1
-3.795088586,2,23,0,TRUE,FALSE,FALSE,0,0,0,0,0,0,com20,0,0,0,0,0,0,0,0,phishing_url1
-4.422660583,0,59,0,TRUE,FALSE,FALSE,0,0,0,0,0,0,aspx?localefr-fr,0,0,0,0,0,0,0,0,phishing_url1
-4.295274042,0,77,0,TRUE,FALSE,FALSE,0,0,0,0,0,0,com,0,0,0,0,0,0,1,0,phishing_url1
-4.214711066,0,80,0,TRUE,FALSE,FALSE,0,0,0,0,0,0,com,0,0,0,0,0,0,1,0,phishing_url1
-4.422995053,7,48,0,TRUE,FALSE,FALSE,0,0,0,0,0,0,stm,0,0,0,0,0,0,0,0,phishing_url1
-4.402789885,7,49,0,TRUE,FALSE,FALSE,0,0,0,0,0,0,,0,0,0,0,0,0,0,0,phishing_url1
-4.462992774,10,63,0,TRUE,FALSE,FALSE,0,0,0,0,0,0,com,0,0,0,0,0,0,0,0,phishing_url1
-3.414717001,6,32,0,FALSE,FALSE,FALSE,0,0,0,0,0,0,http3a2f2fwww2ekataweb2eit2ffoto,0,0,0,0,0,0,0,0,phishing_url1
-3.477217001,0,32,0,TRUE,FALSE,FALSE,0,0,0,0,0,0,"freesurf,",0,0,0,0,0,0,0,0,phishing_url1
-3.726474118,0,28,0,TRUE,FALSE,FALSE,0,0,0,0,0,0,fr,0,0,0,0,0,0,0,0,phishing_url1
-4.565448372,8,52,0,TRUE,FALSE,FALSE,0,0,0,0,0,0,stm>to,0,0,0,0,0,0,0,0,phishing_url1
-3.62346519,0,25,0,TRUE,FALSE,FALSE,0,0,0,0,0,0,info,0,0,0,0,0,0,0,0,phishing_url1
-4.222794209,0,48,0,TRUE,FALSE,FALSE,0,0,0,0,0,0,uk,0,0,0,0,0,0,0,0,phishing_url1
-4.32593447,4,51,0,TRUE,FALSE,FALSE,85005,3,0,3,77798,20304,asp?ref2000,0,0,3.831658786,0.915216752,0.238856538,0,0,0,phishing_url1
-3.969607339,0,37,0,TRUE,FALSE,FALSE,0,0,0,0,0,0,it,0,0,0,0,0,0,0,0,phishing_url1
-4.109306836,0,43,0,TRUE,FALSE,FALSE,0,0,0,0,0,0,asp?athf,0,0,0,0,0,0,0,0,phishing_url1
-4.846927461,9,147,0,TRUE,FALSE,FALSE,0,0,0,0,0,0,com,0,0,0,0,0,0,0,0,phishing_url1
-4.307441652,6,128,0,TRUE,FALSE,FALSE,1015783,2,1,229,223729,245251,comthe,0,0,0.912245006,0.220252751,0.241440347,0,0,0,phishing_url1
-4.531994455,11,53,0,TRUE,FALSE,FALSE,0,0,0,0,0,0,2020,0,0,0,0,0,0,0,0,phishing_url1
-4.645681351,22,96,0,TRUE,FALSE,FALSE,0,0,0,0,0,0,localdomain_7750cf6fefc9663bc80625ff92d56d42--,0,0,0,0,0,0,0,0,phishing_url1
-4.423626712,0,98,0,TRUE,FALSE,FALSE,0,0,0,0,0,0,"com"">t�l�chargez",0,0,0,0,0,0,0,0,phishing_url1
-3.995237891,0,29,0,TRUE,FALSE,FALSE,0,0,0,0,0,0,com,0,0,0,0,0,0,0,0,phishing_url1
-4.422995053,7,48,0,TRUE,FALSE,FALSE,0,0,0,0,0,0,stm,0,0,0,0,0,0,0,0,phishing_url1
-4.422995053,7,48,0,TRUE,FALSE,FALSE,0,0,0,0,0,0,stm,0,0,0,0,0,0,0,0,phishing_url1
-4.248104685,7,46,0,TRUE,FALSE,FALSE,1440,1,1,0,1235,460,html,0,0,2.684782609,0.857638889,0.319444444,0,0,0,phishing_url1
-4.422995053,7,48,0,TRUE,FALSE,FALSE,0,0,0,0,0,0,stm,0,0,0,0,0,0,0,0,phishing_url1
-4.422995053,7,48,0,TRUE,FALSE,FALSE,0,0,0,0,0,0,stm,0,0,0,0,0,0,0,0,phishing_url1
-4.717930221,10,93,0,TRUE,FALSE,FALSE,0,0,0,0,0,0,htm,0,0,0,0,0,1,0,0,phishing_url1
-3.820888851,0,21,0,TRUE,FALSE,FALSE,0,0,0,0,0,0,com,0,0,0,0,0,0,0,0,phishing_url1
-3.594465637,0,21,0,TRUE,FALSE,FALSE,10075,0,3,4,5391,4144,com,0,0,1.300916988,0.535086849,0.411315136,0,0,0,phishing_url1
-4.253317094,8,64,0,TRUE,FALSE,FALSE,3033,2,1,25,1135,813,plane,0,0,1.396063961,0.374216947,0.268051434,0,0,0,phishing_url1
-4.343352177,0,58,0,TRUE,FALSE,FALSE,0,0,0,0,0,0,htm,0,0,0,0,0,0,0,0,phishing_url1
-3.737932272,0,46,0,TRUE,FALSE,FALSE,0,0,0,0,0,0,mx,0,0,0,0,0,0,0,0,phishing_url1
-3.998734235,0,51,0,TRUE,FALSE,FALSE,3306,4,3,33,2417,871,mx,0,0,2.774971297,0.731094979,0.263460375,0,0,0,phishing_url1
-3.78346519,0,25,0,TRUE,FALSE,FALSE,1925,9,0,2,958,402,com,0,0,2.383084577,0.497662338,0.208831169,0,0,0,phishing_url1
-4.462992774,10,63,0,TRUE,FALSE,FALSE,0,0,0,0,0,0,com,0,0,0,0,0,0,0,0,phishing_url1
-4.613631939,7,83,0,TRUE,FALSE,FALSE,0,0,0,0,0,0,stm<,0,0,0,0,0,0,0,0,phishing_url1
-5.024911791,23,136,1,TRUE,FALSE,FALSE,0,0,0,0,0,0,"pl?detssl&namesohuyxyjzjgg""",0,0,0,0,0,0,0,0,phishing_url1
-4.004393164,1,45,0,TRUE,FALSE,FALSE,0,0,0,0,0,0,php3?codemailadt-ta,0,0,0,0,0,0,0,0,phishing_url1
-3.787143961,0,19,0,TRUE,FALSE,FALSE,44549,92,19,90,16914,11448,com,0,0,1.477463312,0.379671822,0.256975465,0,0,0,phishing_url1
-4.459987981,8,68,0,TRUE,FALSE,FALSE,3033,2,1,25,1135,813,htmlour,0,0,1.396063961,0.374216947,0.268051434,0,0,0,phishing_url1
-3.594465637,0,21,0,TRUE,FALSE,FALSE,10075,0,3,4,5391,4144,com,0,0,1.300916988,0.535086849,0.411315136,0,0,0,phishing_url1
-4.02346519,0,25,0,TRUE,FALSE,FALSE,2727,2,1,0,2420,705,uk,0,0,3.432624113,0.887422076,0.258525853,0,0,0,phishing_url1
-4.333918899,13,64,0,TRUE,FALSE,FALSE,20393,1,0,13,14352,4926,shtmlon,0,0,2.913520097,0.703770902,0.241553474,0,0,0,phishing_url1
-3.771437029,0,29,0,TRUE,FALSE,FALSE,0,0,0,0,0,0,za,0,0,0,0,0,0,0,0,phishing_url1
-4.109306836,0,43,0,TRUE,FALSE,FALSE,0,0,0,0,0,0,asp?athf,0,0,0,0,0,0,0,0,phishing_url1
-4.176764892,0,64,0,TRUE,FALSE,FALSE,0,0,0,0,0,0,"com""",0,0,0,0,0,0,0,0,phishing_url1
-4.418786908,5,53,0,TRUE,FALSE,FALSE,0,0,0,0,0,0,aspx?locationid3,0,0,0,0,0,0,0,0,phishing_url1
-4.501077501,6,120,0,TRUE,FALSE,FALSE,0,0,0,0,0,0,"com"">call",0,0,0,0,0,0,0,0,phishing_url1
-4.734804872,7,91,0,TRUE,FALSE,FALSE,0,0,0,0,0,0,"intl3dca""><b>all-new",0,0,0,0,0,0,0,0,phishing_url1
-3.895638808,0,36,0,TRUE,FALSE,FALSE,0,0,0,0,0,0,fr,0,0,0,0,0,0,0,0,phishing_url1
-4.111629289,0,43,0,TRUE,FALSE,FALSE,0,0,0,0,0,0,uk,0,0,0,0,0,0,0,0,phishing_url1
-3.546439345,0,20,0,TRUE,FALSE,FALSE,3436,0,4,42,1047,881,com,0,0,1.188422247,0.304714785,0.256402794,0,0,0,phishing_url1
-4.978224344,14,145,0,TRUE,FALSE,FALSE,0,0,0,0,0,0,"html;_ylcx3odmte1yw1jcxj2bf9tazk3mta3mdc2bhnlywntywlsdgfncwrzbgsdbmv3lwnhcnm-"">new",0,0,0,0,0,0,0,0,phishing_url1
-4.389781497,0,62,1,TRUE,FALSE,FALSE,1707,0,1,7,0,415,com,0,0,0,0,0.243116579,0,0,0,phishing_url1
-4.395290012,0,68,1,TRUE,FALSE,FALSE,1707,0,1,7,0,415,com,0,0,0,0,0.243116579,0,0,0,phishing_url1
-1.730105842,0,92,0,TRUE,FALSE,FALSE,0,0,0,0,0,0,com---------------------------------------------------------------------express,0,0,0,0,0,0,0,0,phishing_url1
-1.871151883,0,94,0,TRUE,FALSE,FALSE,0,0,0,0,0,0,com---------------------------------------------------------------------,0,0,0,0,0,0,0,0,phishing_url1
-4.243735757,6,52,0,TRUE,FALSE,FALSE,0,0,0,0,0,0,php?id_section329,0,0,0,0,0,0,0,0,phishing_url1
-4.476456017,7,49,0,TRUE,FALSE,FALSE,0,0,0,0,0,0,"stm""",0,0,0,0,0,0,0,0,phishing_url1
-4.623991053,7,88,0,TRUE,FALSE,FALSE,0,0,0,0,0,0,stm<,0,0,0,0,0,0,0,0,phishing_url1
-3.642489673,0,23,0,TRUE,FALSE,FALSE,104431,2,0,26,98637,20367,net,0,0,4.842981293,0.94451839,0.195028296,0,0,0,phishing_url1
-4.282739857,4,44,0,TRUE,FALSE,FALSE,0,0,0,0,0,0,asp,0,0,0,0,0,0,0,0,phishing_url1
-4.10231254,0,45,0,TRUE,FALSE,FALSE,75,0,0,0,89,25,es,0,0,3.56,1.186666667,0.333333333,0,0,0,phishing_url1
-4.472650171,7,53,0,TRUE,FALSE,FALSE,0,0,0,0,0,0,stmsince,0,0,0,0,0,0,0,0,phishing_url1
-4.165858447,0,49,0,TRUE,FALSE,FALSE,0,0,0,0,0,0,asp,0,0,0,0,0,0,0,0,phishing_url1
-3.78346519,0,25,0,TRUE,FALSE,FALSE,10377,8,10,49,4490,2228,ca,0,0,2.015260323,0.432687675,0.214705599,0,0,0,phishing_url1
-3.94346519,0,25,0,TRUE,FALSE,FALSE,30174,5,29,67,5054,7409,com,0,0,0.682143339,0.167495195,0.24554252,0,0,0,phishing_url1
-3.594465637,0,21,0,TRUE,FALSE,FALSE,10075,0,3,4,5391,4144,com,0,0,1.300916988,0.535086849,0.411315136,0,0,0,phishing_url1
-3.681880803,2,19,0,TRUE,FALSE,FALSE,9551,13,20,130,7761,3195,com,0,0,2.429107981,0.81258507,0.334519946,0,0,0,phishing_url1
-3.616874606,0,17,0,TRUE,FALSE,FALSE,0,0,0,0,0,0,com,0,0,0,0,0,0,0,0,phishing_url1
-1.871151883,0,94,0,TRUE,FALSE,FALSE,0,0,0,0,0,0,com---------------------------------------------------------------------,0,0,0,0,0,0,0,0,phishing_url1
-3.546439345,0,20,0,TRUE,FALSE,FALSE,37,1,0,0,0,4,com,0,0,0,0,0.108108108,0,0,0,phishing_url1
-4.014438731,0,35,0,TRUE,FALSE,FALSE,0,0,0,0,0,0,asp,0,0,0,0,0,0,0,0,phishing_url1
-4.383960128,2,47,0,TRUE,FALSE,FALSE,0,0,0,0,0,0,html?userkampala09,0,0,0,0,0,0,0,0,phishing_url1
-4.238719454,0,66,0,TRUE,FALSE,FALSE,0,0,0,0,0,0,scr,0,0,0,0,0,0,0,0,phishing_url1
-4.533294219,8,71,0,TRUE,FALSE,FALSE,3033,2,1,25,1135,813,html,0,0,1.396063961,0.374216947,0.268051434,0,0,0,phishing_url1
-4.242789945,0,87,0,TRUE,FALSE,FALSE,0,0,0,0,0,0,com,0,0,0,0,0,0,0,0,phishing_url1
-4.242789945,0,87,0,TRUE,FALSE,FALSE,0,0,0,0,0,0,com,0,0,0,0,0,0,0,0,phishing_url1
-4.242789945,0,87,0,TRUE,FALSE,FALSE,0,0,0,0,0,0,com,0,0,0,0,0,0,0,0,phishing_url1
-4.343062191,13,62,0,TRUE,FALSE,FALSE,0,0,0,0,0,0,shtml,0,0,0,0,0,0,0,0,phishing_url1
-4.402721665,8,51,0,TRUE,FALSE,FALSE,0,0,0,0,0,0,20i,0,0,0,0,0,0,0,0,phishing_url1
-4.364923644,2,53,0,TRUE,FALSE,FALSE,0,0,0,0,0,0,html?usermich_williams02,0,0,0,0,0,0,0,0,phishing_url1
-4.396378746,5,68,0,TRUE,FALSE,FALSE,0,0,0,0,0,0,"com"">yahoo!",0,0,0,0,0,0,0,0,phishing_url1
-4.454456954,8,76,0,TRUE,FALSE,FALSE,0,0,0,0,0,0,"stmplease,",0,0,0,0,0,0,0,0,phishing_url1
-3.97366069,0,25,0,TRUE,FALSE,FALSE,0,0,0,0,0,0,comfrom,0,0,0,0,0,0,0,0,phishing_url1
-4.673458515,12,69,0,TRUE,FALSE,FALSE,0,0,0,0,0,0,stmthe,0,0,0,0,0,0,0,0,phishing_url1
-4.422995053,7,48,0,TRUE,FALSE,FALSE,0,0,0,0,0,0,stm,0,0,0,0,0,0,0,0,phishing_url1
-4.076026649,3,42,0,TRUE,FALSE,FALSE,0,0,0,0,0,0,htm,0,0,0,0,0,0,0,0,phishing_url1
-4.451470639,14,86,0,TRUE,FALSE,FALSE,0,0,0,0,0,0,net,0,0,0,0,0,0,0,0,phishing_url1
-3.973575053,0,39,0,TRUE,FALSE,FALSE,0,0,0,0,0,0,com,0,0,0,0,0,0,0,0,phishing_url1
-4.262801283,19,62,0,FALSE,FALSE,FALSE,0,0,0,0,0,0,http3a2f2fnews2ebbc2eco2euk2f12fhi2fworld2feurope2f8594792estm,0,0,0,0,0,0,0,0,phishing_url1
-4.061181286,0,76,0,TRUE,FALSE,FALSE,0,0,0,0,0,0,aspx,0,0,0,0,0,0,0,0,phishing_url1
-3.977916875,0,31,0,TRUE,FALSE,FALSE,0,0,0,0,0,0,fr,0,0,0,0,0,0,0,0,phishing_url1
-4.631957112,6,75,0,TRUE,FALSE,FALSE,0,0,0,0,0,0,com,0,0,0,0,0,0,0,0,phishing_url1
-4.222794209,0,48,0,TRUE,FALSE,FALSE,0,0,0,0,0,0,uk,0,0,0,0,0,0,0,0,phishing_url1
-4.673458515,12,69,0,TRUE,FALSE,FALSE,0,0,0,0,0,0,stmthe,0,0,0,0,0,0,0,0,phishing_url1
-4.109306836,0,43,0,TRUE,FALSE,FALSE,0,0,0,0,0,0,asp?athf,0,0,0,0,0,0,0,0,phishing_url1
-3.886842188,0,24,0,TRUE,FALSE,FALSE,0,0,0,0,0,0,"com),",0,0,0,0,0,0,0,0,phishing_url1
-4.103294435,0,42,0,TRUE,FALSE,FALSE,0,0,0,0,0,0,gif,0,0,0,0,0,0,0,0,phishing_url1
-4.103294435,0,42,0,TRUE,FALSE,FALSE,0,0,0,0,0,0,gif,0,0,0,0,0,0,0,0,phishing_url1
-4.032303243,0,27,0,TRUE,FALSE,FALSE,2202,1,2,13,458,560,com,0,0,0.817857143,0.207992734,0.25431426,0,0,0,phishing_url1
-4.108484045,0,46,0,TRUE,FALSE,FALSE,0,0,0,0,0,0,gif,0,0,0,0,0,0,0,0,phishing_url1
-4.103294435,0,42,0,TRUE,FALSE,FALSE,0,0,0,0,0,0,gif,0,0,0,0,0,0,0,0,phishing_url1
-4.103294435,0,42,0,TRUE,FALSE,FALSE,0,0,0,0,0,0,gif,0,0,0,0,0,0,0,0,phishing_url1
-4.103294435,0,42,0,TRUE,FALSE,FALSE,0,0,0,0,0,0,gif,0,0,0,0,0,0,0,0,phishing_url1
-4.103294435,0,42,0,TRUE,FALSE,FALSE,0,0,0,0,0,0,gif,0,0,0,0,0,0,0,0,phishing_url1
-4.103294435,0,42,0,TRUE,FALSE,FALSE,0,0,0,0,0,0,gif,0,0,0,0,0,0,0,0,phishing_url1
-4.103294435,0,42,0,TRUE,FALSE,FALSE,0,0,0,0,0,0,gif,0,0,0,0,0,0,0,0,phishing_url1
-4.482788485,6,94,0,TRUE,FALSE,FALSE,0,0,0,0,0,0,"htm"">urgent<",0,0,0,0,0,0,0,0,phishing_url1
-4.506418117,6,69,0,TRUE,FALSE,FALSE,0,0,0,0,0,0,htm<,0,0,0,0,0,0,0,0,phishing_url1
-4.103294435,0,42,0,TRUE,FALSE,FALSE,0,0,0,0,0,0,gif,0,0,0,0,0,0,0,0,phishing_url1
-4.103294435,0,42,0,TRUE,FALSE,FALSE,0,0,0,0,0,0,gif,0,0,0,0,0,0,0,0,phishing_url1
-4.243735757,6,52,0,TRUE,FALSE,FALSE,0,0,0,0,0,0,php?id_section329,0,0,0,0,0,0,0,0,phishing_url1
-4.349341699,1,56,0,TRUE,FALSE,FALSE,0,0,0,0,0,0,com?source3dmsntaglineliveearthwlm',0,0,0,0,0,0,0,0,phishing_url1
-3.828237502,0,27,0,TRUE,FALSE,FALSE,0,0,0,0,0,0,za,0,0,0,0,0,0,0,0,phishing_url1
-4.309847542,9,77,0,TRUE,FALSE,FALSE,92,1,0,0,0,18,asp?id3d1365i,0,0,0,0,0.195652174,0,0,0,phishing_url1
-4.816302731,19,121,0,TRUE,FALSE,FALSE,164,1,0,0,0,28,"stmthanks,god",0,0,0,0,0.170731707,0,0,0,phishing_url1
-3.930270372,0,27,0,TRUE,FALSE,FALSE,0,0,0,0,0,0,fr,0,0,0,0,0,0,0,0,phishing_url1
-4.586951533,5,73,0,TRUE,FALSE,FALSE,0,0,0,0,0,0,com,0,0,0,0,0,0,0,0,phishing_url1
-4.586951533,5,73,0,TRUE,FALSE,FALSE,0,0,0,0,0,0,com,0,0,0,0,0,0,0,0,phishing_url1
-4.032374206,24,64,0,FALSE,FALSE,FALSE,0,0,0,0,0,0,http3a2f2fnewsfromrussia2ecom2fmain2f20032f112f132f512152ehtml3e,0,0,0,0,0,0,0,0,phishing_url1
-4.480974488,29,142,0,TRUE,FALSE,FALSE,0,0,0,0,0,0,html,0,0,0,0,0,0,0,0,phishing_url1
-3.820888851,0,21,0,TRUE,FALSE,FALSE,0,0,0,0,0,0,com,0,0,0,0,0,0,0,0,phishing_url1
-4.778750578,8,95,4,TRUE,FALSE,FALSE,10075,0,3,4,5391,4145,rand48464998&fnmrs+rose&lnmkama'>details<,0,0,1.300603136,0.535086849,0.411414392,0,0,0,phishing_url1
-4.756145295,9,91,5,TRUE,FALSE,FALSE,10075,0,3,4,5391,4144,rand48464998&fnmrs+rose&lnmkama&sc1'>add,0,0,1.300916988,0.535086849,0.411315136,0,0,0,phishing_url1
-4.150354404,0,61,0,TRUE,FALSE,FALSE,0,0,0,0,0,0,com<,0,0,0,0,0,0,0,0,phishing_url1
-4.578835562,30,112,0,TRUE,FALSE,FALSE,0,0,0,0,0,0,com<,0,0,0,0,0,0,0,0,phishing_url1
-4.537301737,10,72,0,TRUE,FALSE,FALSE,3033,2,1,25,1135,813,htmlyour92s,0,0,1.396063961,0.374216947,0.268051434,0,0,0,phishing_url1
-4.852422293,42,202,0,TRUE,FALSE,FALSE,0,0,0,0,0,0,htmlyour,0,0,0,0,0,0,0,0,phishing_url1
-4.506105796,7,55,0,TRUE,FALSE,FALSE,0,0,0,0,0,0,"stmhence,i",0,0,0,0,0,0,0,0,phishing_url1
-4.109306836,0,43,0,TRUE,FALSE,FALSE,0,0,0,0,0,0,asp?athf,0,0,0,0,0,0,0,0,phishing_url1
-3.636842188,0,24,0,TRUE,FALSE,FALSE,0,0,0,0,0,0,com,0,0,0,0,0,0,0,0,phishing_url1
-3.40869497,0,20,0,TRUE,FALSE,FALSE,1759,0,0,1,1588,578,net,0,0,2.747404844,0.902785674,0.328595793,0,0,0,phishing_url1
-4.196121203,0,63,0,TRUE,FALSE,FALSE,0,0,0,0,0,0,htmlthis,0,0,0,0,0,0,0,0,phishing_url1
-4.483555755,10,60,0,TRUE,FALSE,FALSE,0,0,0,0,0,0,com,0,0,0,0,0,0,0,0,phishing_url1
-4.021268495,0,29,0,TRUE,FALSE,FALSE,438175,22,31,88,303525,118802,com,0,0,2.554881231,0.692702687,0.271129115,0,0,0,phishing_url1
-4.058162463,20,65,0,FALSE,FALSE,FALSE,0,0,0,0,0,0,http3a2f2fnews2ebbc2eco2euk2f22fhi2fafrica2f32491612estmplease2ci,0,0,0,0,0,0,0,0,phishing_url1
-4.638858205,22,96,0,TRUE,FALSE,FALSE,0,0,0,0,0,0,localdomain_09d296a684d83c1bf4001ed27cd0b91d--,0,0,0,0,0,0,0,0,phishing_url1
-4.520146299,8,79,0,TRUE,FALSE,FALSE,3033,2,1,25,1135,813,htmlbest,0,0,1.396063961,0.374216947,0.268051434,0,0,0,phishing_url1
-3.594465637,0,21,0,TRUE,FALSE,FALSE,10075,0,3,4,5391,4146,com,0,0,1.300289436,0.535086849,0.411513648,0,0,0,phishing_url1
-3.366091329,0,19,0,TRUE,FALSE,FALSE,384973,51,51,112,269242,105891,com,0,0,2.542633463,0.699378917,0.275060848,0,0,0,phishing_url1
-4.793667016,23,196,0,TRUE,FALSE,FALSE,0,0,0,0,0,0,com,0,0,0,0,0,0,0,0,phishing_url1
-3.754441846,0,22,0,TRUE,FALSE,FALSE,0,0,0,0,0,0,fr,0,0,0,0,0,0,0,0,phishing_url1
-3.653107168,1,24,0,FALSE,FALSE,FALSE,0,0,0,0,0,0,http-equiv3dcontent-type,0,0,0,0,0,0,0,0,phishing_url1
-4.551288894,1,107,1,TRUE,FALSE,FALSE,0,0,0,0,0,0,com<,0,0,0,0,0,0,0,0,phishing_url1
-4.223667755,21,69,0,FALSE,FALSE,FALSE,0,0,0,0,0,0,http3a2f2fwww2ecnn2ecom2fus2f99112f022fegyptair9902elist2findex2ehtml,0,0,0,0,0,0,0,0,phishing_url1
-4.419109132,8,52,0,TRUE,FALSE,FALSE,0,0,0,0,0,0,stmprior,0,0,0,0,0,0,0,0,phishing_url1
-4.201842785,0,41,0,TRUE,FALSE,FALSE,438394,22,31,88,303524,118847,com,0,0,2.553905441,0.692354366,0.27109632,0,0,0,phishing_url1
-3.414717001,6,32,0,FALSE,FALSE,FALSE,0,0,0,0,0,0,http3a2f2fwww2ekataweb2eit2ffoto,0,0,0,0,0,0,0,0,phishing_url1
-4.42346519,7,50,0,TRUE,FALSE,FALSE,0,0,0,0,0,0,stmit,0,0,0,0,0,0,0,0,phishing_url1
-3.921029622,0,26,0,TRUE,FALSE,FALSE,0,0,0,0,0,0,com,0,0,0,0,0,0,0,0,phishing_url1
-3.643074189,0,25,0,TRUE,FALSE,FALSE,0,0,0,0,0,0,com,0,0,0,0,0,0,0,0,phishing_url1
-4.531994455,11,53,0,TRUE,FALSE,FALSE,0,0,0,0,0,0,2020,0,0,0,0,0,0,0,0,phishing_url1
-4.665641215,27,96,0,TRUE,FALSE,FALSE,0,0,0,0,0,0,localdomain_715505e7e76b9146aa646782138e69e3--,0,0,0,0,0,0,0,0,phishing_url1
-4.511458965,16,103,0,TRUE,FALSE,FALSE,0,0,0,0,0,0,stm20since,0,0,0,0,0,0,0,0,phishing_url1
-4.545920604,6,54,0,TRUE,FALSE,FALSE,4969,5,0,2,3257,1190,htmin,0,0,2.73697479,0.655463876,0.239484806,0,0,0,phishing_url1
-3.58418372,0,20,0,TRUE,FALSE,FALSE,10075,0,3,4,5391,4144,ca,0,0,1.300916988,0.535086849,0.411315136,0,0,0,phishing_url1
-4.422995053,7,48,0,TRUE,FALSE,FALSE,0,0,0,0,0,0,stm,0,0,0,0,0,0,0,0,phishing_url1
-3.78346519,0,25,0,TRUE,FALSE,FALSE,10377,8,10,49,4490,2231,ca,0,0,2.012550426,0.432687675,0.2149947,0,0,0,phishing_url1
-4.055025246,0,31,0,TRUE,FALSE,FALSE,3839,13,7,30,431,738,com,0,0,0.58401084,0.11226882,0.192237562,0,0,0,phishing_url1
-4.032374206,24,64,0,FALSE,FALSE,FALSE,0,0,0,0,0,0,http3a2f2fnewsfromrussia2ecom2fmain2f20032f112f132f512152ehtml3e,0,0,0,0,0,0,0,0,phishing_url1
-4.479881418,3,70,0,TRUE,FALSE,FALSE,0,0,0,0,0,0,html?code3dsm-nl-11am,0,0,0,0,0,0,0,0,phishing_url1
-4.472650171,7,53,0,TRUE,FALSE,FALSE,0,0,0,0,0,0,stmsince,0,0,0,0,0,0,0,0,phishing_url1
-4.222794209,0,48,0,TRUE,FALSE,FALSE,0,0,0,0,0,0,uk,0,0,0,0,0,0,0,0,phishing_url1
-4.071894459,4,34,0,TRUE,FALSE,FALSE,22676,6,2,41,5589,6176,com,0,0,0.904954663,0.246472041,0.272358441,0,0,0,phishing_url1
-4.39584747,8,121,0,TRUE,FALSE,FALSE,0,0,0,0,0,0,htmlthe,0,0,0,0,0,0,0,0,phishing_url1
-4.44836744,7,50,0,TRUE,FALSE,FALSE,0,0,0,0,0,0,stm,0,0,0,0,0,0,0,0,phishing_url1
-4.463662903,8,80,1,TRUE,FALSE,FALSE,0,0,0,0,0,0,uk,0,0,0,0,0,0,0,0,phishing_url1
-4.496364237,3,59,0,TRUE,FALSE,FALSE,0,0,0,0,0,0,com,0,0,0,0,0,0,0,0,phishing_url1
-3.91265761,19,58,0,FALSE,FALSE,FALSE,0,0,0,0,0,0,http3a2f2fnews2ebbc2eco2euk2f22fhi2fafrica2f22692382estmon,0,0,0,0,0,0,0,0,phishing_url1
-4.798913688,29,245,0,TRUE,FALSE,FALSE,0,0,0,0,0,0,<,0,0,0,0,0,0,0,0,phishing_url1
-4.538171939,4,50,0,TRUE,FALSE,FALSE,11729,8,3,107,9847,3176,jsp?id1066after,0,0,3.100440806,0.839543013,0.270781823,0,0,0,phishing_url1
-3.968449003,0,35,0,TRUE,FALSE,FALSE,21547,17,58,225,14469,5886,fr,0,0,2.458205912,0.671508795,0.273170279,0,0,0,phishing_url1
-3.73366069,0,25,0,TRUE,FALSE,FALSE,438188,22,31,88,303524,118800,es,0,0,2.554915825,0.692679854,0.271116507,0,0,0,phishing_url1
-3.952302978,0,29,0,TRUE,FALSE,FALSE,438150,22,30,87,303525,118801,com,0,0,2.554902737,0.692742212,0.271142303,0,0,0,phishing_url1
-4.685469162,8,63,0,TRUE,FALSE,FALSE,0,0,0,0,0,0,htmbefore,0,0,0,0,0,0,0,0,phishing_url1
-3.697845823,0,22,0,TRUE,FALSE,FALSE,60621,2,1,41,40151,16766,com,0,0,2.394787069,0.662328236,0.276570825,0,0,0,phishing_url1
-4.822441704,21,88,0,TRUE,FALSE,FALSE,0,0,0,0,0,0,aspx?versionid5d21c51a-b161-4314-9b0e-4911fb2b2e6d,0,0,0,0,0,0,0,0,phishing_url1
-3.762267391,0,23,0,TRUE,FALSE,FALSE,0,0,0,0,0,0,net,0,0,0,0,0,0,0,0,phishing_url1
-3.762267391,0,23,0,TRUE,FALSE,FALSE,0,0,0,0,0,0,net,0,0,0,0,0,0,0,0,phishing_url1
-3.483074189,0,25,0,TRUE,FALSE,FALSE,0,0,0,0,0,0,uk,0,0,0,0,0,0,0,0,phishing_url1
-3.617809684,0,21,0,TRUE,FALSE,FALSE,0,0,0,0,0,0,za,0,0,0,0,0,0,0,0,phishing_url1
-4.685469162,8,63,0,TRUE,FALSE,FALSE,0,0,0,0,0,0,htmbefore,0,0,0,0,0,0,0,0,phishing_url1
-4.835399738,33,132,1,TRUE,FALSE,FALSE,4556,2,0,8,1396,1180,localdomain_710f126d223c8eddc895915af553cd65--,0,0,1.183050847,0.306409131,0.258999122,0,0,0,phishing_url1
-3.762267391,0,23,0,TRUE,FALSE,FALSE,0,0,0,0,0,0,com,0,0,0,0,0,0,0,0,phishing_url1
-4.262801283,19,62,0,FALSE,FALSE,FALSE,0,0,0,0,0,0,http3a2f2fnews2ebbc2eco2euk2f12fhi2fworld2feurope2f8594792estm,0,0,0,0,0,0,0,0,phishing_url1
-4.597877292,14,107,0,TRUE,FALSE,FALSE,0,0,0,0,0,0,stm<,0,0,0,0,0,0,0,0,phishing_url1
-4.496364237,3,59,0,TRUE,FALSE,FALSE,0,0,0,0,0,0,com,0,0,0,0,0,0,0,0,phishing_url1
-4.20386665,0,47,0,TRUE,FALSE,FALSE,0,0,0,0,0,0,uk,0,0,0,0,0,0,0,0,phishing_url1
-2.792170315,0,104,0,TRUE,FALSE,FALSE,0,0,0,0,0,0,uk,0,0,0,0,0,0,0,0,phishing_url1
-4.20386665,0,47,0,TRUE,FALSE,FALSE,0,0,0,0,0,0,uk,0,0,0,0,0,0,0,0,phishing_url1
-2.792170315,0,104,0,TRUE,FALSE,FALSE,0,0,0,0,0,0,uk,0,0,0,0,0,0,0,0,phishing_url1
-4.20386665,0,47,0,TRUE,FALSE,FALSE,0,0,0,0,0,0,uk,0,0,0,0,0,0,0,0,phishing_url1
-2.792170315,0,104,0,TRUE,FALSE,FALSE,0,0,0,0,0,0,uk,0,0,0,0,0,0,0,0,phishing_url1
-4.20386665,0,47,0,TRUE,FALSE,FALSE,0,0,0,0,0,0,uk,0,0,0,0,0,0,0,0,phishing_url1
-2.792170315,0,104,0,TRUE,FALSE,FALSE,0,0,0,0,0,0,uk,0,0,0,0,0,0,0,0,phishing_url1
-4.20386665,0,47,0,TRUE,FALSE,FALSE,0,0,0,0,0,0,uk,0,0,0,0,0,0,0,0,phishing_url1
-2.792170315,0,104,0,TRUE,FALSE,FALSE,0,0,0,0,0,0,uk,0,0,0,0,0,0,0,0,phishing_url1
-4.20386665,0,47,0,TRUE,FALSE,FALSE,0,0,0,0,0,0,uk,0,0,0,0,0,0,0,0,phishing_url1
-2.792170315,0,104,0,TRUE,FALSE,FALSE,0,0,0,0,0,0,uk,0,0,0,0,0,0,0,0,phishing_url1
-4.20386665,0,47,0,TRUE,FALSE,FALSE,0,0,0,0,0,0,uk,0,0,0,0,0,0,0,0,phishing_url1
-2.792170315,0,104,0,TRUE,FALSE,FALSE,0,0,0,0,0,0,uk,0,0,0,0,0,0,0,0,phishing_url1
-4.20386665,0,47,0,TRUE,FALSE,FALSE,0,0,0,0,0,0,uk,0,0,0,0,0,0,0,0,phishing_url1
-2.792170315,0,104,0,TRUE,FALSE,FALSE,0,0,0,0,0,0,uk,0,0,0,0,0,0,0,0,phishing_url1
-4.20386665,0,47,0,TRUE,FALSE,FALSE,0,0,0,0,0,0,uk,0,0,0,0,0,0,0,0,phishing_url1
-2.792170315,0,104,0,TRUE,FALSE,FALSE,0,0,0,0,0,0,uk,0,0,0,0,0,0,0,0,phishing_url1
-4.20386665,0,47,0,TRUE,FALSE,FALSE,0,0,0,0,0,0,uk,0,0,0,0,0,0,0,0,phishing_url1
-2.792170315,0,104,0,TRUE,FALSE,FALSE,0,0,0,0,0,0,uk,0,0,0,0,0,0,0,0,phishing_url1
-4.20386665,0,47,0,TRUE,FALSE,FALSE,0,0,0,0,0,0,uk,0,0,0,0,0,0,0,0,phishing_url1
-2.792170315,0,104,0,TRUE,FALSE,FALSE,0,0,0,0,0,0,uk,0,0,0,0,0,0,0,0,phishing_url1
-4.20386665,0,47,0,TRUE,FALSE,FALSE,0,0,0,0,0,0,uk,0,0,0,0,0,0,0,0,phishing_url1
-2.792170315,0,104,0,TRUE,FALSE,FALSE,0,0,0,0,0,0,uk,0,0,0,0,0,0,0,0,phishing_url1
-4.20386665,0,47,0,TRUE,FALSE,FALSE,0,0,0,0,0,0,uk,0,0,0,0,0,0,0,0,phishing_url1
-2.792170315,0,104,0,TRUE,FALSE,FALSE,0,0,0,0,0,0,uk,0,0,0,0,0,0,0,0,phishing_url1
-4.20386665,0,47,0,TRUE,FALSE,FALSE,0,0,0,0,0,0,uk,0,0,0,0,0,0,0,0,phishing_url1
-2.792170315,0,104,0,TRUE,FALSE,FALSE,0,0,0,0,0,0,uk,0,0,0,0,0,0,0,0,phishing_url1
-4.20386665,0,47,0,TRUE,FALSE,FALSE,0,0,0,0,0,0,uk,0,0,0,0,0,0,0,0,phishing_url1
-2.792170315,0,104,0,TRUE,FALSE,FALSE,0,0,0,0,0,0,uk,0,0,0,0,0,0,0,0,phishing_url1
-4.20386665,0,47,0,TRUE,FALSE,FALSE,0,0,0,0,0,0,uk,0,0,0,0,0,0,0,0,phishing_url1
-2.792170315,0,104,0,TRUE,FALSE,FALSE,0,0,0,0,0,0,uk,0,0,0,0,0,0,0,0,phishing_url1
-4.20386665,0,47,0,TRUE,FALSE,FALSE,0,0,0,0,0,0,uk,0,0,0,0,0,0,0,0,phishing_url1
-2.792170315,0,104,0,TRUE,FALSE,FALSE,0,0,0,0,0,0,uk,0,0,0,0,0,0,0,0,phishing_url1
-4.20386665,0,47,0,TRUE,FALSE,FALSE,0,0,0,0,0,0,uk,0,0,0,0,0,0,0,0,phishing_url1
-2.792170315,0,104,0,TRUE,FALSE,FALSE,0,0,0,0,0,0,uk,0,0,0,0,0,0,0,0,phishing_url1
-4.20386665,0,47,0,TRUE,FALSE,FALSE,0,0,0,0,0,0,uk,0,0,0,0,0,0,0,0,phishing_url1
-2.792170315,0,104,0,TRUE,FALSE,FALSE,0,0,0,0,0,0,uk,0,0,0,0,0,0,0,0,phishing_url1
-4.20386665,0,47,0,TRUE,FALSE,FALSE,0,0,0,0,0,0,uk,0,0,0,0,0,0,0,0,phishing_url1
-2.792170315,0,104,0,TRUE,FALSE,FALSE,0,0,0,0,0,0,uk,0,0,0,0,0,0,0,0,phishing_url1
-4.20386665,0,47,0,TRUE,FALSE,FALSE,0,0,0,0,0,0,uk,0,0,0,0,0,0,0,0,phishing_url1
-2.792170315,0,104,0,TRUE,FALSE,FALSE,0,0,0,0,0,0,uk,0,0,0,0,0,0,0,0,phishing_url1
-4.20386665,0,47,0,TRUE,FALSE,FALSE,0,0,0,0,0,0,uk,0,0,0,0,0,0,0,0,phishing_url1
-2.792170315,0,104,0,TRUE,FALSE,FALSE,0,0,0,0,0,0,uk,0,0,0,0,0,0,0,0,phishing_url1
-4.20386665,0,47,0,TRUE,FALSE,FALSE,0,0,0,0,0,0,uk,0,0,0,0,0,0,0,0,phishing_url1
-2.792170315,0,104,0,TRUE,FALSE,FALSE,0,0,0,0,0,0,uk,0,0,0,0,0,0,0,0,phishing_url1
-4.20386665,0,47,0,TRUE,FALSE,FALSE,0,0,0,0,0,0,uk,0,0,0,0,0,0,0,0,phishing_url1
-2.792170315,0,104,0,TRUE,FALSE,FALSE,0,0,0,0,0,0,uk,0,0,0,0,0,0,0,0,phishing_url1
-4.20386665,0,47,0,TRUE,FALSE,FALSE,0,0,0,0,0,0,uk,0,0,0,0,0,0,0,0,phishing_url1
-2.792170315,0,104,0,TRUE,FALSE,FALSE,0,0,0,0,0,0,uk,0,0,0,0,0,0,0,0,phishing_url1
-4.20386665,0,47,0,TRUE,FALSE,FALSE,0,0,0,0,0,0,uk,0,0,0,0,0,0,0,0,phishing_url1
-2.792170315,0,104,0,TRUE,FALSE,FALSE,0,0,0,0,0,0,uk,0,0,0,0,0,0,0,0,phishing_url1
-4.20386665,0,47,0,TRUE,FALSE,FALSE,0,0,0,0,0,0,uk,0,0,0,0,0,0,0,0,phishing_url1
-4.10428181,0,41,0,TRUE,FALSE,FALSE,0,0,0,0,0,0,uk,0,0,0,0,0,0,0,0,phishing_url1
-3.886842188,0,24,0,TRUE,FALSE,FALSE,0,0,0,0,0,0,"com),",0,0,0,0,0,0,0,0,phishing_url1
-3.78346519,0,25,0,TRUE,FALSE,FALSE,4728,28,14,93,993,1039,de,0,0,0.95572666,0.210025381,0.219754653,0,0,0,phishing_url1
-4.734804872,7,91,0,TRUE,FALSE,FALSE,0,0,0,0,0,0,"intl3dca""><b>all-new",0,0,0,0,0,0,0,0,phishing_url1
-4.496305459,7,113,0,TRUE,FALSE,FALSE,0,0,0,0,0,0,"com"">",0,0,0,0,0,0,0,0,phishing_url1
-4.109306836,0,43,0,TRUE,FALSE,FALSE,0,0,0,0,0,0,asp?athf,0,0,0,0,0,0,0,0,phishing_url1
-4.841136135,13,124,0,TRUE,FALSE,FALSE,154,1,0,0,0,28,htm,0,0,0,0,0.181818182,0,1,0,phishing_url1
-4.903159299,14,137,1,TRUE,FALSE,FALSE,156,1,0,0,0,28,htm,0,0,0,0,0.179487179,0,1,0,phishing_url1
-3.820888851,0,21,0,TRUE,FALSE,FALSE,0,0,0,0,0,0,com,0,0,0,0,0,0,0,0,phishing_url1
-3.886842188,0,24,0,TRUE,FALSE,FALSE,0,0,0,0,0,0,"com),",0,0,0,0,0,0,0,0,phishing_url1
-4.222794209,0,48,0,TRUE,FALSE,FALSE,0,0,0,0,0,0,uk,0,0,0,0,0,0,0,0,phishing_url1
-4.409863956,13,62,0,TRUE,FALSE,FALSE,0,0,0,0,0,0,stm20c2a0c2a0he,0,0,0,0,0,0,0,0,phishing_url1
-4.028946392,0,33,0,TRUE,FALSE,FALSE,0,0,0,0,0,0,com,0,0,0,0,0,0,0,0,phishing_url1
-4.385933203,3,63,0,TRUE,FALSE,FALSE,0,0,0,0,0,0,html?pmk3dpsmail_foot01,0,0,0,0,0,0,0,0,phishing_url1
-4.531994455,11,53,0,TRUE,FALSE,FALSE,0,0,0,0,0,0,2020,0,0,0,0,0,0,0,0,phishing_url1
-4.673097335,20,96,0,TRUE,FALSE,FALSE,0,0,0,0,0,0,localdomain_fd0285ecaf97ada1f14341ee283665dd--,0,0,0,0,0,0,0,0,phishing_url1
-3.921029622,0,26,0,TRUE,FALSE,FALSE,0,0,0,0,0,0,com,0,0,0,0,0,0,0,0,phishing_url1
-4.222794209,0,48,0,TRUE,FALSE,FALSE,0,0,0,0,0,0,uk,0,0,0,0,0,0,0,0,phishing_url1
-4.462992774,10,63,0,TRUE,FALSE,FALSE,0,0,0,0,0,0,com,0,0,0,0,0,0,0,0,phishing_url1
-4.316286355,0,66,1,TRUE,FALSE,FALSE,0,0,0,0,0,0,<br>&nbsp;<br>we,0,0,0,0,0,0,0,0,phishing_url1
-3.771437029,0,29,0,TRUE,FALSE,FALSE,0,0,0,0,0,0,com,0,0,0,0,0,0,0,0,phishing_url1
